City,State,Cost of Living Index,Median Income,Crime Index ,Price,Beds,Baths,Area (sqft),Lot Size
Los-Angeles,California,145.1,70372,327.4,139000000,12,17,N/A,2.08
Los-Angeles,California,145.1,70372,327.4,155000000,14,16.5+,"56,500",4.6
Los-Angeles,California,145.1,70372,327.4,195000000,7,20,N/A,8.4
Los-Angeles,California,145.1,70372,327.4,85000000,13,16,"28,000",2.2
Los-Angeles,California,145.1,70372,327.4,3395000,5,6,"4,816","9,408"
Los-Angeles,California,145.1,70372,327.4,126000000,8,20,"30,610",9.9
Los-Angeles,California,145.1,70372,327.4,9500000,5,7,"9,375",0.74
Los-Angeles,California,145.1,70372,327.4,1899000,2,2.5,"1,731","8,371"
Los-Angeles,California,145.1,70372,327.4,849000,2,1,"1,000","3,500"
Los-Angeles,California,145.1,70372,327.4,1299000,3,1,"1,093","5,573"
Los-Angeles,California,145.1,70372,327.4,988800,2,2,800,"2,150"
Los-Angeles,California,145.1,70372,327.4,730000,4,2,"1,296","6,086"
Los-Angeles,California,145.1,70372,327.4,549000,3,1,"1,203","5,403"
Los-Angeles,California,145.1,70372,327.4,460000,3,1,630,"5,093"
Los-Angeles,California,145.1,70372,327.4,789000,3,3,"1,902",0.36
Los-Angeles,California,145.1,70372,327.4,1050000,3,2,"1,914",0.46
Los-Angeles,California,145.1,70372,327.4,1095000,10,5,"3,106","4,799"
Los-Angeles,California,145.1,70372,327.4,899000,6,4,"2,737","3,890"
Los-Angeles,California,145.1,70372,327.4,949000,8,4,"2,821","7,002"
Los-Angeles,California,145.1,70372,327.4,4299000,6,6.5+,"5,712","6,980"
Los-Angeles,California,145.1,70372,327.4,695000,5,2,"1,562","5,879"
Los-Angeles,California,145.1,70372,327.4,899000,6,4,"2,737","4,158"
Los-Angeles,California,145.1,70372,327.4,4995000,5,5.5,"4,445","6,716"
Los-Angeles,California,145.1,70372,327.4,49500000,9,18,"21,000",3.6
Los-Angeles,California,145.1,70372,327.4,850000,4,3,"2,209","5,486"
Los-Angeles,California,145.1,70372,327.4,2000000,5,4,"3,921",0.26
Los-Angeles,California,145.1,70372,327.4,340000,2,1,826,5.41
Los-Angeles,California,145.1,70372,327.4,630000,3,2.5,"1,126",2.7
Los-Angeles,California,145.1,70372,327.4,2900000,6,6,"12,163",1.12
Los-Angeles,California,145.1,70372,327.4,739000,3,1,"1,133","7,844"
Los-Angeles,California,145.1,70372,327.4,575000,3,2,"1,319",3.95
Los-Angeles,California,145.1,70372,327.4,599900,2,1,"1,012","6,251"
Los-Angeles,California,145.1,70372,327.4,1937995,5,4.5,"4,709",N/A
Los-Angeles,California,145.1,70372,327.4,1959995,5,5.5,"4,774",N/A
Los-Angeles,California,145.1,70372,327.4,650000,4,2,"1,296","7,442"
Los-Angeles,California,145.1,70372,327.4,1004410,4,3.5,"1,873",N/A
Los-Angeles,California,145.1,70372,327.4,1299000,3,3,"1,765",0.27
Los-Angeles,California,145.1,70372,327.4,2995000,3,3,"2,897","5,021"
Los-Angeles,California,145.1,70372,327.4,299999,2,2,"1,232",N/A
Los-Angeles,California,145.1,70372,327.4,1275000,5,3,"2,368","6,649"
Los-Angeles,California,145.1,70372,327.4,370000,3,2,N/A,N/A
Los-Angeles,California,145.1,70372,327.4,495000,2,2,961,4.06
Los-Angeles,California,145.1,70372,327.4,55000000,14,17.5+,"30,000",2.81
Los-Angeles,California,145.1,70372,327.4,45950000,7,8.5+,"19,000",0.79
Los-Angeles,California,145.1,70372,327.4,2095000,3,3,"1,432","6,797"
Los-Angeles,California,145.1,70372,327.4,847000,3,3.5,"1,754",N/A
Los-Angeles,California,145.1,70372,327.4,3495000,4,3,"3,000","6,671"
Los-Angeles,California,145.1,70372,327.4,897000,4,3.5,"2,025",N/A
Los-Angeles,California,145.1,70372,327.4,85000000,10,13.5+,"21,000",1.88
Los-Angeles,California,145.1,70372,327.4,1695000,2,1,"1,168","3,977"
Los-Angeles,California,145.1,70372,327.4,872000,4,3.5,"1,828",N/A
Los-Angeles,California,145.1,70372,327.4,4750000,3,2.5,"2,900","6,790"
Los-Angeles,California,145.1,70372,327.4,862000,3,2.5,"1,828",N/A
Los-Angeles,California,145.1,70372,327.4,9990000,5,8,"6,918",0.46
Los-Angeles,California,145.1,70372,327.4,7495000,6,7.5,"8,215",0.67
Los-Angeles,California,145.1,70372,327.4,3295000,4,5,"3,109",0.3
Los-Angeles,California,145.1,70372,327.4,825000,4,3,"1,193","7,080"
Los-Angeles,California,145.1,70372,327.4,550000,3,2.5,"1,325",N/A
Los-Angeles,California,145.1,70372,327.4,1349000,4,3.5,"2,560","4,213"
Los-Angeles,California,145.1,70372,327.4,2795000,5,5,"4,553",0.4
Los-Angeles,California,145.1,70372,327.4,660400,3,2,"1,652","6,391"
Los-Angeles,California,145.1,70372,327.4,1550000,4,3,"2,189",4.55
Los-Angeles,California,145.1,70372,327.4,1175000,4,2,"1,811","7,501"
Los-Angeles,California,145.1,70372,327.4,2398000,3,3.5,"2,060","6,210"
Los-Angeles,California,145.1,70372,327.4,2100000,8,9,"5,301","7,514"
Los-Angeles,California,145.1,70372,327.4,1195000,3,2,"1,936",0.32
Los-Angeles,California,145.1,70372,327.4,1975000,4,3,"1,960","2,848"
Los-Angeles,California,145.1,70372,327.4,589999,2,1,884,"4,914"
Los-Angeles,California,145.1,70372,327.4,1950000,7,6.5,"3,975",0.46
Los-Angeles,California,145.1,70372,327.4,750000,5,3,"2,074","7,564"
Los-Angeles,California,145.1,70372,327.4,6495000,8,6,"16,000",0.58
Los-Angeles,California,145.1,70372,327.4,3195000,4,4.5,"3,200","7,402"
Los-Angeles,California,145.1,70372,327.4,1050000,4,3,"2,031","3,965"
Los-Angeles,California,145.1,70372,327.4,1445000,3,2,"1,941","9,808"
Los-Angeles,California,145.1,70372,327.4,1395000,4,3,"1,597","6,613"
Los-Angeles,California,145.1,70372,327.4,1100000,3,2,"1,722",0.28
Los-Angeles,California,145.1,70372,327.4,699000,3,3,971,"4,123"
Los-Angeles,California,145.1,70372,327.4,899000,4,2,"2,012",0.24
Los-Angeles,California,145.1,70372,327.4,1349000,3,2,"1,290","6,692"
Los-Angeles,California,145.1,70372,327.4,549000,2,1,676,"2,643"
Los-Angeles,California,145.1,70372,327.4,69900,2,1,650,N/A
Los-Angeles,California,145.1,70372,327.4,1250000,2,2,"1,076",2.14
Los-Angeles,California,145.1,70372,327.4,3950000,3,4.5,"3,516",4.51
Los-Angeles,California,145.1,70372,327.4,688950,4,2,"1,212","5,967"
Los-Angeles,California,145.1,70372,327.4,599995,3,3,"1,510",2.03
Los-Angeles,California,145.1,70372,327.4,6495000,6,7,N/A,0.37
Los-Angeles,California,145.1,70372,327.4,2395000,5,4,"3,223",0.42
Los-Angeles,California,145.1,70372,327.4,1949000,6,4,"3,978","6,736"
Los-Angeles,California,145.1,70372,327.4,1550000,3,3,"1,643","5,581"
Los-Angeles,California,145.1,70372,327.4,1700000,5,4,"3,887",0.37
Los-Angeles,California,145.1,70372,327.4,2495000,8,4.5,"5,395","6,025"
Los-Angeles,California,145.1,70372,327.4,1975000,4,3,"1,960","2,848"
Los-Angeles,California,145.1,70372,327.4,665000,2,1,681,"7,600"
Los-Angeles,California,145.1,70372,327.4,50000000,3,3.5+,"9,420",3.7
Los-Angeles,California,145.1,70372,327.4,8695000,4,5.5+,"7,737","7,502"
Los-Angeles,California,145.1,70372,327.4,11500000,6,6.5+,"7,886",0.41
Los-Angeles,California,145.1,70372,327.4,2195000,3,2,"2,203",0.24
Los-Angeles,California,145.1,70372,327.4,859950,3,2,"1,443","6,602"
Los-Angeles,California,145.1,70372,327.4,739000,3,2,"1,451","7,753"
Los-Angeles,California,145.1,70372,327.4,889500,3,3,"1,845",3.08
Los-Angeles,California,145.1,70372,327.4,785000,3,2,"1,513","7,757"
Los-Angeles,California,145.1,70372,327.4,1595000,8,4,"3,492","7,496"
Los-Angeles,California,145.1,70372,327.4,749500,2,1,980,"5,902"
Los-Angeles,California,145.1,70372,327.4,5800000,6,8,"7,725",0.55
Los-Angeles,California,145.1,70372,327.4,3750000,10,7,"4,710","7,587"
Los-Angeles,California,145.1,70372,327.4,500000,3,2.5,"1,361",3.3
Los-Angeles,California,145.1,70372,327.4,1795000,3,3.5,"2,004","1,125"
Los-Angeles,California,145.1,70372,327.4,3295000,3,3,"2,360",0.91
Los-Angeles,California,145.1,70372,327.4,1979000,6,4.5,"3,583","8,969"
Los-Angeles,California,145.1,70372,327.4,899000,3,2.5,"1,719","7,123"
Los-Angeles,California,145.1,70372,327.4,349900,3,2,"1,288",N/A
Los-Angeles,California,145.1,70372,327.4,4195000,3,2.5,"3,535",1.31
Los-Angeles,California,145.1,70372,327.4,875000,4,2,"1,600","8,437"
Los-Angeles,California,145.1,70372,327.4,649900,3,1,"1,020","7,583"
Los-Angeles,California,145.1,70372,327.4,4350000,4,4.5,"4,000",0.46
Los-Angeles,California,145.1,70372,327.4,14995000,4,6.5+,"10,291",0.75
Los-Angeles,California,145.1,70372,327.4,1595000,4,3,"2,669",0.47
Los-Angeles,California,145.1,70372,327.4,8995000,5,5,"5,700",0.59
Los-Angeles,California,145.1,70372,327.4,1549000,4,3,"2,428",0.27
Los-Angeles,California,145.1,70372,327.4,35000,N/A,N/A,N/A,"6,956"
Los-Angeles,California,145.1,70372,327.4,2700000,N/A,N/A,N/A,"9,527"
Los-Angeles,California,145.1,70372,327.4,875000,4,2,"1,367","6,752"
Los-Angeles,California,145.1,70372,327.4,299950,N/A,N/A,N/A,"7,317"
Los-Angeles,California,145.1,70372,327.4,1795000,N/A,N/A,N/A,0.33
Los-Angeles,California,145.1,70372,327.4,1795000,N/A,N/A,N/A,0.47
Los-Angeles,California,145.1,70372,327.4,99000,N/A,N/A,N/A,"2,950"
Los-Angeles,California,145.1,70372,327.4,990000,N/A,N/A,N/A,"5,045"
Los-Angeles,California,145.1,70372,327.4,999999,4,2,"1,549",0.26
Los-Angeles,California,145.1,70372,327.4,38000000,6,6.5+,"13,000",0.52
Los-Angeles,California,145.1,70372,327.4,599000,N/A,N/A,N/A,0.37
Los-Angeles,California,145.1,70372,327.4,325000,N/A,N/A,N/A,0.23
Los-Angeles,California,145.1,70372,327.4,699000,N/A,N/A,N/A,0.79
Los-Angeles,California,145.1,70372,327.4,65000,N/A,N/A,N/A,"4,500"
Los-Angeles,California,145.1,70372,327.4,785000,N/A,N/A,N/A,"4,569"
Los-Angeles,California,145.1,70372,327.4,975000,4,2,"1,615","4,113"
Los-Angeles,California,145.1,70372,327.4,399999,N/A,N/A,N/A,"3,087"
Los-Angeles,California,145.1,70372,327.4,1049000,4,4,"2,985",0.4
Los-Angeles,California,145.1,70372,327.4,225000,N/A,N/A,N/A,0.28
Los-Angeles,California,145.1,70372,327.4,1899000,3,2,"1,972","9,071"
Los-Angeles,California,145.1,70372,327.4,1199999,3,2,"1,955","6,360"
Los-Angeles,California,145.1,70372,327.4,135000,N/A,N/A,N/A,"5,279"
Los-Angeles,California,145.1,70372,327.4,7195000,5,7,"4,926",0.92
Los-Angeles,California,145.1,70372,327.4,895000,N/A,N/A,N/A,"9,067"
Los-Angeles,California,145.1,70372,327.4,1599950,4,3,"2,756",0.26
Los-Angeles,California,145.1,70372,327.4,350000,1,1,696,0.99
Los-Angeles,California,145.1,70372,327.4,995000,8,4,"2,760","2,969"
Los-Angeles,California,145.1,70372,327.4,999000,2,2,"1,315","2,725"
Los-Angeles,California,145.1,70372,327.4,5599999,5,5.5+,"7,345",2.03
Los-Angeles,California,145.1,70372,327.4,849000,5,2,"1,856","8,471"
Los-Angeles,California,145.1,70372,327.4,44950000,8,20,"36,000",1.1
Los-Angeles,California,145.1,70372,327.4,750000,3,1,936,"6,002"
Los-Angeles,California,145.1,70372,327.4,1995000,3,3,"1,736","6,752"
Los-Angeles,California,145.1,70372,327.4,1450000,3,2.5,"1,662","8,035"
Los-Angeles,California,145.1,70372,327.4,429000,2,2,"1,079",3.81
Los-Angeles,California,145.1,70372,327.4,415000,2,2,"1,102",0.56
Los-Angeles,California,145.1,70372,327.4,1450000,4,3,"2,752",0.37
Los-Angeles,California,145.1,70372,327.4,2895000,4,4,"3,407","7,850"
Los-Angeles,California,145.1,70372,327.4,1499000,4,3,"1,740","4,814"
Los-Angeles,California,145.1,70372,327.4,749000,2,1,651,"2,629"
Los-Angeles,California,145.1,70372,327.4,699000,3,1,890,"4,480"
Los-Angeles,California,145.1,70372,327.4,835000,4,2,"1,421","6,149"
Los-Angeles,California,145.1,70372,327.4,620000,3,3,"1,636",0.62
Los-Angeles,California,145.1,70372,327.4,2350000,4,2,"2,771","9,849"
Los-Angeles,California,145.1,70372,327.4,1949000,2,2,"1,853",0.43
Los-Angeles,California,145.1,70372,327.4,695000,3,2,"1,210","7,170"
Los-Angeles,California,145.1,70372,327.4,1425000,3,2,"1,838",0.24
Los-Angeles,California,145.1,70372,327.4,1885000,4,4,"2,961",0.3
Los-Angeles,California,145.1,70372,327.4,3950000,5,4.5,"4,200","8,518"
Los-Angeles,California,145.1,70372,327.4,1250000,3,1.5,"1,198","5,000"
Los-Angeles,California,145.1,70372,327.4,1995000,3,2,"1,404","7,016"
Los-Angeles,California,145.1,70372,327.4,675000,3,2,"1,082","5,039"
Los-Angeles,California,145.1,70372,327.4,1495000,11,10,"6,266","7,376"
Los-Angeles,California,145.1,70372,327.4,775000,3,1,"1,080","6,999"
Los-Angeles,California,145.1,70372,327.4,2198000,3,3,"2,655",6.02
Los-Angeles,California,145.1,70372,327.4,799000,3,3,"1,681","5,158"
Los-Angeles,California,145.1,70372,327.4,1385000,6,6,N/A,"9,475"
Los-Angeles,California,145.1,70372,327.4,899000,5,3,"2,284",0.26
Los-Angeles,California,145.1,70372,327.4,27688000,7,9,"14,000",1.31
Los-Angeles,California,145.1,70372,327.4,900000,3,3.5,"1,941","6,313"
Los-Angeles,California,145.1,70372,327.4,6100000,5,6,"5,780",0.77
Los-Angeles,California,145.1,70372,327.4,29995000,6,7.5+,"12,900",0.85
Los-Angeles,California,145.1,70372,327.4,359900,3,2,"1,031",1.18
Los-Angeles,California,145.1,70372,327.4,4495000,3,4,"3,113",0.43
Los-Angeles,California,145.1,70372,327.4,3800000,4,4,"3,586",0.25
Los-Angeles,California,145.1,70372,327.4,995999,4,3,"2,050","8,074"
Los-Angeles,California,145.1,70372,327.4,1998000,4,2.5+,"2,206","6,609"
Los-Angeles,California,145.1,70372,327.4,6899000,4,4.5,"4,500","5,310"
Los-Angeles,California,145.1,70372,327.4,3950000,6,5.5,N/A,"7,026"
Los-Angeles,California,145.1,70372,327.4,9450000,9,11,"10,419",0.53
Los-Angeles,California,145.1,70372,327.4,2199000,4,3,"2,807","6,147"
Los-Angeles,California,145.1,70372,327.4,3399000,4,4,"3,286","6,653"
Los-Angeles,California,145.1,70372,327.4,13999000,5,5.5+,"5,638",0.42
Los-Angeles,California,145.1,70372,327.4,1995000,4,4,"2,251","7,412"
Los-Angeles,California,145.1,70372,327.4,1498000,3,2,"1,502","8,855"
Los-Angeles,California,145.1,70372,327.4,1049000,3,2,"1,466","4,499"
Los-Angeles,California,145.1,70372,327.4,765000,3,2,"1,235","7,603"
Los-Angeles,California,145.1,70372,327.4,350000,3,1,"1,260","5,408"
Los-Angeles,California,145.1,70372,327.4,1298000,3,3,"2,135","1,264"
Los-Angeles,California,145.1,70372,327.4,729000,2,1.5,879,0.28
Los-Angeles,California,145.1,70372,327.4,2199000,3,3,"1,920","6,075"
Los-Angeles,California,145.1,70372,327.4,2799000,7,7,"6,587",0.27
Los-Angeles,California,145.1,70372,327.4,2995000,3,4,"1,713","6,001"
Los-Angeles,California,145.1,70372,327.4,875000,5,3,"2,376","7,213"
Los-Angeles,California,145.1,70372,327.4,4350000,4,4.5,"4,117",0.29
Los-Angeles,California,145.1,70372,327.4,459900,1,1,770,2.66
Los-Angeles,California,145.1,70372,327.4,2300000,3,3.5,"2,119","5,299"
Los-Angeles,California,145.1,70372,327.4,9375000,8,7.5+,"6,548","7,073"
Los-Angeles,California,145.1,70372,327.4,815000,3,2.5,"1,598",12.53
Los-Angeles,California,145.1,70372,327.4,5275000,6,6.5,"4,664","7,614"
Los-Angeles,California,145.1,70372,327.4,1225000,2,3,"1,346","6,303"
Los-Angeles,California,145.1,70372,327.4,1998000,3,2,"1,727",0.53
Los-Angeles,California,145.1,70372,327.4,8495000,8,9,"7,200",4.23
Los-Angeles,California,145.1,70372,327.4,1350000,3,2,"1,192","5,002"
Los-Angeles,California,145.1,70372,327.4,1099000,4,3,"1,714","8,590"
Los-Angeles,California,145.1,70372,327.4,1190000,4,3,"2,383","7,899"
Los-Angeles,California,145.1,70372,327.4,795795,2,2,"1,210","6,506"
Los-Angeles,California,145.1,70372,327.4,2369000,5,6,"4,020","6,777"
Los-Angeles,California,145.1,70372,327.4,799000,3,2,"1,345","6,762"
Los-Angeles,California,145.1,70372,327.4,7988000,5,4.5,"4,534","8,675"
Los-Angeles,California,145.1,70372,327.4,2399993,3,2,"2,446","8,375"
Los-Angeles,California,145.1,70372,327.4,2675000,4,2.5,"2,794","6,794"
Los-Angeles,California,145.1,70372,327.4,399999,1,1,N/A,N/A
Los-Angeles,California,145.1,70372,327.4,660000,3,2,"1,711",5.23
Los-Angeles,California,145.1,70372,327.4,888000,3,2,"1,252","7,513"
Los-Angeles,California,145.1,70372,327.4,16995000,4,5.5,"5,585",0.38
Los-Angeles,California,145.1,70372,327.4,1690000,3,4,"2,435",9.19
Los-Angeles,California,145.1,70372,327.4,630000,3,1,"1,496","6,704"
Los-Angeles,California,145.1,70372,327.4,589000,2,1,796,"2,351"
Los-Angeles,California,145.1,70372,327.4,595000,3,2.5,"1,363",8.01
Los-Angeles,California,145.1,70372,327.4,1976000,3,3,"3,140",0.26
San-Francisco,California,141.1,121826,387.4,1350000,2,1.5,"1,281","2,500"
San-Francisco,California,141.1,121826,387.4,361677,2,2,"1,089",0.41
San-Francisco,California,141.1,121826,387.4,1100000,Studio,1,"1,075","2,996"
San-Francisco,California,141.1,121826,387.4,107500,3,1,N/A,N/A
San-Francisco,California,141.1,121826,387.4,2495000,3,3.5,"2,836","3,332"
San-Francisco,California,141.1,121826,387.4,1598888,3,2,"1,421","3,659"
San-Francisco,California,141.1,121826,387.4,850000,12,3,"2,392","2,375"
San-Francisco,California,141.1,121826,387.4,999000,3,3,"1,605","2,748"
San-Francisco,California,141.1,121826,387.4,849000,1,1,650,0.35
San-Francisco,California,141.1,121826,387.4,13900000,5,5.5,"8,650","5,745"
San-Francisco,California,141.1,121826,387.4,1360900,3,2.5,"1,620",N/A
San-Francisco,California,141.1,121826,387.4,416000,1,1,514,N/A
San-Francisco,California,141.1,121826,387.4,2280000,3,3,"2,334","3,741"
San-Francisco,California,141.1,121826,387.4,1229900,3,3.5,"1,789",N/A
San-Francisco,California,141.1,121826,387.4,479000,Studio,1,627,"2,500"
San-Francisco,California,141.1,121826,387.4,14950000,7,5.5+,"8,765","6,304"
San-Francisco,California,141.1,121826,387.4,544880,1,1,740,N/A
San-Francisco,California,141.1,121826,387.4,9800000,5,4.5,"4,500","9,722"
San-Francisco,California,141.1,121826,387.4,689000,2,2,"1,038",N/A
San-Francisco,California,141.1,121826,387.4,1350000,3,1.5,"1,980","5,327"
San-Francisco,California,141.1,121826,387.4,32000000,10,6.5,"11,155","5,776"
San-Francisco,California,141.1,121826,387.4,370646,2,2,"1,183",N/A
San-Francisco,California,141.1,121826,387.4,2975000,4,3.5,"3,503",0.28
San-Francisco,California,141.1,121826,387.4,578800,1,1.5,789,N/A
San-Francisco,California,141.1,121826,387.4,998000,3,2,"1,100","2,813"
San-Francisco,California,141.1,121826,387.4,7250000,3,3.5,N/A,N/A
San-Francisco,California,141.1,121826,387.4,2950000,4,5,"2,647","1,875"
San-Francisco,California,141.1,121826,387.4,1159000,4,3,"2,515","2,500"
San-Francisco,California,141.1,121826,387.4,955000,2,2,"1,170","1,052"
San-Francisco,California,141.1,121826,387.4,5450000,4,3.5,N/A,"3,384"
San-Francisco,California,141.1,121826,387.4,775000,3,2,"1,420","1,873"
San-Francisco,California,141.1,121826,387.4,495000,1,1,595,"1,716"
San-Francisco,California,141.1,121826,387.4,1249000,2,2,"1,024",0.83
San-Francisco,California,141.1,121826,387.4,999999,2,1,"1,100","1,873"
San-Francisco,California,141.1,121826,387.4,2595000,5,3,N/A,"3,123"
San-Francisco,California,141.1,121826,387.4,4350000,5,5.5,"3,550","2,850"
San-Francisco,California,141.1,121826,387.4,2200000,8,N/A,"4,945","2,496"
San-Francisco,California,141.1,121826,387.4,9988000,5,4,"3,920",0.24
San-Francisco,California,141.1,121826,387.4,1100000,3,2.5,"1,808",0.25
San-Francisco,California,141.1,121826,387.4,1995000,3,3,"1,713","2,169"
San-Francisco,California,141.1,121826,387.4,6250000,6,3.5+,"4,820","2,996"
San-Francisco,California,141.1,121826,387.4,1795000,6,N/A,"2,850","2,073"
San-Francisco,California,141.1,121826,387.4,2920000,3,3,"2,508",1.67
San-Francisco,California,141.1,121826,387.4,2050000,3,2,"1,665","3,125"
San-Francisco,California,141.1,121826,387.4,1899000,3,N/A,"2,098","2,897"
San-Francisco,California,141.1,121826,387.4,1768000,5,2,"2,230","1,500"
San-Francisco,California,141.1,121826,387.4,1095000,3,2,"1,300","2,996"
San-Francisco,California,141.1,121826,387.4,599000,1,1.5,988,"9,595"
San-Francisco,California,141.1,121826,387.4,1495000,3,2.5,N/A,"1,750"
San-Francisco,California,141.1,121826,387.4,332559,2,2,"1,015",0.56
San-Francisco,California,141.1,121826,387.4,3495000,4,3.5,"2,456","1,875"
San-Francisco,California,141.1,121826,387.4,799000,3,2.5,N/A,N/A
San-Francisco,California,141.1,121826,387.4,269000,Studio,1,330,"2,475"
San-Francisco,California,141.1,121826,387.4,616000,Studio,1,N/A,"2,763"
San-Francisco,California,141.1,121826,387.4,800000,2,1,N/A,"3,668"
San-Francisco,California,141.1,121826,387.4,995000,1,1,990,0.23
San-Francisco,California,141.1,121826,387.4,549000,1,1,592,22.96
San-Francisco,California,141.1,121826,387.4,2575000,3,3,"3,689",0.38
San-Francisco,California,141.1,121826,387.4,3995000,4,4.5,"3,410","2,495"
San-Francisco,California,141.1,121826,387.4,1950000,9,3,"4,790","3,000"
San-Francisco,California,141.1,121826,387.4,289935,1,1,640,1.02
San-Francisco,California,141.1,121826,387.4,15100000,6,7.5,"8,350","3,502"
San-Francisco,California,141.1,121826,387.4,1499000,3,2.5,"2,229","2,500"
San-Francisco,California,141.1,121826,387.4,1495000,3,2,"1,826","3,000"
San-Francisco,California,141.1,121826,387.4,1750000,4,N/A,"3,030","3,001"
San-Francisco,California,141.1,121826,387.4,3890000,3,3.5,"2,867","3,197"
San-Francisco,California,141.1,121826,387.4,649000,2,1,N/A,"1,050"
San-Francisco,California,141.1,121826,387.4,2468000,5,4,"2,362","3,000"
San-Francisco,California,141.1,121826,387.4,1750000,4,2,"2,572","1,625"
San-Francisco,California,141.1,121826,387.4,1280000,4,2,"2,150","1,438"
San-Francisco,California,141.1,121826,387.4,595000,1,1,706,N/A
San-Francisco,California,141.1,121826,387.4,7250000,5,5.5+,"5,000","3,000"
San-Francisco,California,141.1,121826,387.4,1998000,4,N/A,"2,805","2,496"
San-Francisco,California,141.1,121826,387.4,1590000,2,3.5,N/A,"3,668"
San-Francisco,California,141.1,121826,387.4,1750000,9,N/A,"5,352","2,496"
San-Francisco,California,141.1,121826,387.4,899000,3,N/A,"1,610","1,708"
San-Francisco,California,141.1,121826,387.4,2995000,4,3,"2,740","6,795"
San-Francisco,California,141.1,121826,387.4,1049000,2,2,"1,063",0.42
San-Francisco,California,141.1,121826,387.4,1495000,1,2,"1,155",0.4
San-Francisco,California,141.1,121826,387.4,1650000,4,N/A,"3,200","3,171"
San-Francisco,California,141.1,121826,387.4,975000,1,1,957,1.15
San-Francisco,California,141.1,121826,387.4,1325000,2,2,"1,278",1.29
San-Francisco,California,141.1,121826,387.4,975579,2,N/A,"2,550","2,287"
San-Francisco,California,141.1,121826,387.4,1095000,2,1,N/A,"1,603"
San-Francisco,California,141.1,121826,387.4,1795000,4,N/A,"2,320","1,368"
San-Francisco,California,141.1,121826,387.4,1995000,4,3,"3,083","2,879"
San-Francisco,California,141.1,121826,387.4,650000,1,1,703,0.39
San-Francisco,California,141.1,121826,387.4,650000,1,1,789,2.6
San-Francisco,California,141.1,121826,387.4,2495000,2,2,"1,572",1.73
San-Francisco,California,141.1,121826,387.4,1990000,8,N/A,"4,340","1,938"
San-Francisco,California,141.1,121826,387.4,2198000,2,2.5,N/A,N/A
San-Francisco,California,141.1,121826,387.4,12935000,5,3.5+,"6,507","4,316"
San-Francisco,California,141.1,121826,387.4,995000,2,2.5,"1,778","9,654"
San-Francisco,California,141.1,121826,387.4,677294,2,2,"1,042","2,945"
San-Francisco,California,141.1,121826,387.4,4980000,4,2.5,"2,911","3,894"
San-Francisco,California,141.1,121826,387.4,8500000,4,3.5+,"4,020","2,848"
San-Francisco,California,141.1,121826,387.4,2500000,2,N/A,"5,750","3,123"
San-Francisco,California,141.1,121826,387.4,749000,2,2,"1,481",0.51
San-Francisco,California,141.1,121826,387.4,1299000,3,N/A,"3,210","1,899"
San-Francisco,California,141.1,121826,387.4,2200000,3,3.5,"2,170",1.16
San-Francisco,California,141.1,121826,387.4,3275000,3,3,"1,898",N/A
San-Francisco,California,141.1,121826,387.4,1898000,4,3,"1,960","2,996"
San-Francisco,California,141.1,121826,387.4,1395000,2,2,"1,457",N/A
San-Francisco,California,141.1,121826,387.4,498000,1,1,N/A,"1,725"
San-Francisco,California,141.1,121826,387.4,1535000,2,2,"1,225",0.3
San-Francisco,California,141.1,121826,387.4,9750000,5,4.5,N/A,"3,781"
San-Francisco,California,141.1,121826,387.4,529000,1,1,493,"2,495"
San-Francisco,California,141.1,121826,387.4,2195000,4,1,"3,352","2,443"
San-Francisco,California,141.1,121826,387.4,213003,Studio,1,229,"6,880"
San-Francisco,California,141.1,121826,387.4,1595000,4,N/A,"2,333","2,470"
San-Francisco,California,141.1,121826,387.4,3695000,4,4.5,"2,610","2,495"
San-Francisco,California,141.1,121826,387.4,695000,3,1,"1,225","3,436"
San-Francisco,California,141.1,121826,387.4,361335,Studio,1,N/A,N/A
San-Francisco,California,141.1,121826,387.4,1500000,4,N/A,"2,200","1,751"
San-Francisco,California,141.1,121826,387.4,1349999,5,3,"1,600","2,500"
San-Francisco,California,141.1,121826,387.4,1995000,5,N/A,"5,016","2,296"
San-Francisco,California,141.1,121826,387.4,1100000,1,2,"1,180",0.53
San-Francisco,California,141.1,121826,387.4,2850000,2,2.5,"1,832",N/A
San-Francisco,California,141.1,121826,387.4,599000,1,1,N/A,"1,999"
San-Francisco,California,141.1,121826,387.4,1099000,2,1.5,"1,215",0.48
San-Francisco,California,141.1,121826,387.4,1595000,2,2,"1,155","2,072"
San-Francisco,California,141.1,121826,387.4,424717,1,1,838,0.3
San-Francisco,California,141.1,121826,387.4,3395000,3,3.5,"2,617","8,644"
San-Francisco,California,141.1,121826,387.4,1998000,3,N/A,"1,602","3,123"
San-Francisco,California,141.1,121826,387.4,4750000,4,4.5,"3,263","5,061"
San-Francisco,California,141.1,121826,387.4,1449000,2,2.5,"1,440","4,568"
San-Francisco,California,141.1,121826,387.4,2795000,4,3.5,"4,090","3,422"
San-Francisco,California,141.1,121826,387.4,1695000,2,2,"1,908",0.41
San-Francisco,California,141.1,121826,387.4,999000,2,2,N/A,"2,500"
San-Francisco,California,141.1,121826,387.4,795000,1,1,903,4.9
San-Francisco,California,141.1,121826,387.4,1060000,4,3,"1,541","2,500"
San-Francisco,California,141.1,121826,387.4,798000,2,1.5,"1,011","8,432"
San-Francisco,California,141.1,121826,387.4,1199000,1,2,"1,397",1.42
San-Francisco,California,141.1,121826,387.4,2494000,2,1,N/A,N/A
San-Francisco,California,141.1,121826,387.4,2695000,10,N/A,"4,620","2,997"
San-Francisco,California,141.1,121826,387.4,1075000,2,2,959,"5,933"
San-Francisco,California,141.1,121826,387.4,458000,1,1,N/A,"2,417"
San-Francisco,California,141.1,121826,387.4,800000,2,1,750,"1,816"
San-Francisco,California,141.1,121826,387.4,1345000,2,2,"1,238",1.29
San-Francisco,California,141.1,121826,387.4,1650000,2,2,"1,312",1.95
San-Francisco,California,141.1,121826,387.4,1450000,4,N/A,"3,168","2,283"
San-Francisco,California,141.1,121826,387.4,1159000,2,2,"1,286",4.9
San-Francisco,California,141.1,121826,387.4,1495000,4,3.5+,"2,815","2,848"
San-Francisco,California,141.1,121826,387.4,736000,2,2,"1,219",N/A
San-Francisco,California,141.1,121826,387.4,2098000,2,2,"1,619",1.42
San-Francisco,California,141.1,121826,387.4,5495000,2,2.5,"3,122","9,474"
San-Francisco,California,141.1,121826,387.4,1995000,2,2,"1,800",N/A
San-Francisco,California,141.1,121826,387.4,1375000,3,2,"1,795","5,171"
San-Francisco,California,141.1,121826,387.4,1298000,2,2,"1,198",N/A
San-Francisco,California,141.1,121826,387.4,980000,2,2,"1,098",1.16
San-Francisco,California,141.1,121826,387.4,2050000,4,4.5,N/A,"2,495"
San-Francisco,California,141.1,121826,387.4,775000,3,2,994,N/A
San-Francisco,California,141.1,121826,387.4,1199000,3,1.5,"1,126","2,812"
San-Francisco,California,141.1,121826,387.4,610000,1,1,764,1
San-Francisco,California,141.1,121826,387.4,1670000,2,2,"1,800",0.44
San-Francisco,California,141.1,121826,387.4,1348000,5,N/A,"2,117","1,751"
San-Francisco,California,141.1,121826,387.4,695000,2,1,816,1.72
San-Francisco,California,141.1,121826,387.4,2149000,2,2,"1,180",1.9
San-Francisco,California,141.1,121826,387.4,1545000,2,2,N/A,"5,091"
San-Francisco,California,141.1,121826,387.4,899900,1,2,N/A,0.97
San-Francisco,California,141.1,121826,387.4,1040000,1,1,880,N/A
San-Francisco,California,141.1,121826,387.4,4500000,4,3.5,"3,190","5,061"
San-Francisco,California,141.1,121826,387.4,1569000,2,2.5,"1,822",1.75
San-Francisco,California,141.1,121826,387.4,399000,1,1,644,1.26
San-Francisco,California,141.1,121826,387.4,1480000,2,2.5,"1,435",2.17
San-Francisco,California,141.1,121826,387.4,995000,2,2,974,0.63
San-Francisco,California,141.1,121826,387.4,950000,2,2,"1,187",N/A
San-Francisco,California,141.1,121826,387.4,388000,Studio,1,518,2.43
San-Francisco,California,141.1,121826,387.4,475000,Studio,1,N/A,N/A
San-Francisco,California,141.1,121826,387.4,1349000,2,2,"1,232",0.83
San-Francisco,California,141.1,121826,387.4,3995000,3,3.5,"2,997",N/A
San-Francisco,California,141.1,121826,387.4,3195000,5,3.5,"2,775","2,936"
San-Francisco,California,141.1,121826,387.4,1825000,3,N/A,"4,362","2,191"
San-Francisco,California,141.1,121826,387.4,1595000,2,2,N/A,0.59
San-Francisco,California,141.1,121826,387.4,1649000,2,2,"1,399",0.37
San-Francisco,California,141.1,121826,387.4,2848000,3,2,N/A,1.29
San-Francisco,California,141.1,121826,387.4,1750000,3,2,"1,732","2,996"
San-Francisco,California,141.1,121826,387.4,2495000,2,2.5,"1,652",N/A
San-Francisco,California,141.1,121826,387.4,664888,1,1,840,1.15
San-Francisco,California,141.1,121826,387.4,2500000,8,N/A,N/A,"2,500"
San-Francisco,California,141.1,121826,387.4,1295000,2,1,995,"2,850"
San-Francisco,California,141.1,121826,387.4,4995000,N/A,N/A,"7,776","7,000"
San-Francisco,California,141.1,121826,387.4,1550000,15,N/A,"5,844","2,779"
San-Francisco,California,141.1,121826,387.4,1600000,4,3,"2,646","2,080"
San-Francisco,California,141.1,121826,387.4,469000,Studio,1,N/A,"4,727"
San-Francisco,California,141.1,121826,387.4,1295000,1,1,"1,115",0.27
San-Francisco,California,141.1,121826,387.4,750000,1,1.5,716,1.06
San-Francisco,California,141.1,121826,387.4,1995000,1,1.5,"1,133",N/A
San-Francisco,California,141.1,121826,387.4,1899999,3,2,"1,421","3,510"
San-Francisco,California,141.1,121826,387.4,1850000,2,2,"1,328",1.29
San-Francisco,California,141.1,121826,387.4,1100000,2,2.5,"1,074","1,691"
San-Francisco,California,141.1,121826,387.4,7000000,2,3.5,"3,315",1.16
San-Francisco,California,141.1,121826,387.4,2200000,8,N/A,"3,900","2,997"
San-Francisco,California,141.1,121826,387.4,715000,1,1,714,0.46
San-Francisco,California,141.1,121826,387.4,1145000,1,1,837,1.29
San-Francisco,California,141.1,121826,387.4,898000,2,1,919,"1,875"
San-Francisco,California,141.1,121826,387.4,1095000,3,1.5,"1,483",N/A
San-Francisco,California,141.1,121826,387.4,2500000,4,3,"2,755","2,397"
San-Francisco,California,141.1,121826,387.4,1495000,4,1.5,"1,924",N/A
San-Francisco,California,141.1,121826,387.4,675000,2,1,798,1
San-Francisco,California,141.1,121826,387.4,1225000,1,1.5,883,1.73
San-Francisco,California,141.1,121826,387.4,1199888,2,2,"1,250",N/A
San-Francisco,California,141.1,121826,387.4,3200000,13,N/A,"8,700","3,123"
San-Francisco,California,141.1,121826,387.4,2895000,6,N/A,"3,000","2,535"
San-Francisco,California,141.1,121826,387.4,1250000,4,N/A,"2,474","1,573"
San-Francisco,California,141.1,121826,387.4,7400000,1,N/A,"23,666","4,121"
San-Francisco,California,141.1,121826,387.4,1295000,2,2.5,"1,315",N/A
San-Francisco,California,141.1,121826,387.4,1315000,1,1,"1,031",N/A
San-Francisco,California,141.1,121826,387.4,2250000,2,N/A,"3,900","2,722"
San-Francisco,California,141.1,121826,387.4,2195000,12,N/A,"4,441","3,842"
San-Francisco,California,141.1,121826,387.4,2388000,4,3,"2,568","5,993"
San-Francisco,California,141.1,121826,387.4,1395000,3,1.5,"1,275","2,112"
San-Francisco,California,141.1,121826,387.4,1595000,3,1.5,"2,665","2,182"
San-Francisco,California,141.1,121826,387.4,699000,1,1,735,"1,850"
San-Francisco,California,141.1,121826,387.4,3350000,2,N/A,"7,232","2,448"
San-Francisco,California,141.1,121826,387.4,8500000,3,4.5,"3,879",0.33
San-Francisco,California,141.1,121826,387.4,317175,1,1,506,"5,242"
San-Francisco,California,141.1,121826,387.4,995000,1,1,N/A,"3,006"
San-Francisco,California,141.1,121826,387.4,2500000,4,3.5,"2,780",0.33
San-Francisco,California,141.1,121826,387.4,1799000,7,N/A,"5,600","3,001"
San-Francisco,California,141.1,121826,387.4,625000,1,1,493,0.67
San-Francisco,California,141.1,121826,387.4,928000,1,1,676,N/A
San-Francisco,California,141.1,121826,387.4,2650000,N/A,N/A,"3,440","1,873"
San-Francisco,California,141.1,121826,387.4,579000,1,1,N/A,"8,245"
San-Francisco,California,141.1,121826,387.4,495000,Studio,1,N/A,N/A
San-Francisco,California,141.1,121826,387.4,499000,1,1,501,"8,087"
San-Francisco,California,141.1,121826,387.4,5850000,5,N/A,"16,363","6,299"
San-Francisco,California,141.1,121826,387.4,888000,2,1.5,"1,014",0.89
San-Francisco,California,141.1,121826,387.4,1625000,7,N/A,"4,773","2,405"
San-Francisco,California,141.1,121826,387.4,3250000,3,N/A,"8,700","3,437"
San-Francisco,California,141.1,121826,387.4,2290000,1,1.5,"1,025",1.09
San-Francisco,California,141.1,121826,387.4,2195000,4,3,"2,247","3,680"
San-Francisco,California,141.1,121826,387.4,2385000,2,2,"1,297",2.01
San-Francisco,California,141.1,121826,387.4,1600000,4,N/A,"3,915","1,372"
San-Francisco,California,141.1,121826,387.4,3599000,20,N/A,"10,910","4,273"
San-Francisco,California,141.1,121826,387.4,598000,Studio,1,586,1.06
San-Francisco,California,141.1,121826,387.4,629000,Studio,1,465,0.46
San-Francisco,California,141.1,121826,387.4,437361,1,1,693,1.84
San-Francisco,California,141.1,121826,387.4,2400000,10,N/A,"5,170","1,999"
San-Francisco,California,141.1,121826,387.4,758000,1,1,845,0.34
New-York,New York,160.2,67997,229.7,315000,2,2,"1,400",N/A
New-York,New York,160.2,67997,229.7,619000,3,2.5,N/A,N/A
New-York,New York,160.2,67997,229.7,58000,Studio,1,445,N/A
New-York,New York,160.2,67997,229.7,260000,4,2,"2,015","3,920"
New-York,New York,160.2,67997,229.7,60000000,7,8.5+,"10,290",N/A
New-York,New York,160.2,67997,229.7,690000,5,2,"4,004","2,614"
New-York,New York,160.2,67997,229.7,499000,2,2,N/A,N/A
New-York,New York,160.2,67997,229.7,3800000,Studio,3.5,"4,981",N/A
New-York,New York,160.2,67997,229.7,629900,3,1.5,"1,148","2,449"
New-York,New York,160.2,67997,229.7,369000,3,1,"1,078","2,499"
New-York,New York,160.2,67997,229.7,449900,3,1.5,"1,312","2,700"
New-York,New York,160.2,67997,229.7,639000,3,2,"1,500",N/A
New-York,New York,160.2,67997,229.7,275000,3,1.5,"1,500",N/A
New-York,New York,160.2,67997,229.7,1699999,3,1,"1,800","2,000"
New-York,New York,160.2,67997,229.7,658888,3,1.5,"1,440","2,138"
New-York,New York,160.2,67997,229.7,999000,3,2,"1,633","1,800"
New-York,New York,160.2,67997,229.7,575000,1,1,825,N/A
New-York,New York,160.2,67997,229.7,1799000,5,3,N/A,"2,050"
New-York,New York,160.2,67997,229.7,795000,2,2,"1,092",N/A
New-York,New York,160.2,67997,229.7,550000,2,1,N/A,N/A
New-York,New York,160.2,67997,229.7,2588000,3,2,"1,450",N/A
New-York,New York,160.2,67997,229.7,280000,1,1,700,N/A
New-York,New York,160.2,67997,229.7,888000,4,3,"1,512","2,500"
New-York,New York,160.2,67997,229.7,2195000,2,2,"1,250",N/A
New-York,New York,160.2,67997,229.7,6900000,2,2.5,"1,987",N/A
New-York,New York,160.2,67997,229.7,798000,9,4,"3,612","2,500"
New-York,New York,160.2,67997,229.7,895000,5,2.5,"2,395",N/A
New-York,New York,160.2,67997,229.7,2235000,3,2,N/A,0.34
New-York,New York,160.2,67997,229.7,2500000,3,3,"2,229",N/A
New-York,New York,160.2,67997,229.7,1895000,2,2,N/A,N/A
New-York,New York,160.2,67997,229.7,1338000,6,3,N/A,"2,500"
New-York,New York,160.2,67997,229.7,1595000,2,2,"1,295",N/A
New-York,New York,160.2,67997,229.7,1300000,N/A,N/A,N/A,"4,000"
New-York,New York,160.2,67997,229.7,450000,3,2,"1,776","1,776"
New-York,New York,160.2,67997,229.7,6350000,4,4,"2,573",N/A
New-York,New York,160.2,67997,229.7,775000,2,2,710,N/A
New-York,New York,160.2,67997,229.7,1399000,3,2,"2,694","3,900"
New-York,New York,160.2,67997,229.7,495000,1,1,N/A,"6,256"
New-York,New York,160.2,67997,229.7,1700000,1,1.5,991,N/A
New-York,New York,160.2,67997,229.7,749999,3,3.5,"1,440","2,500"
New-York,New York,160.2,67997,229.7,729000,3,2.5,"1,063","4,000"
New-York,New York,160.2,67997,229.7,55000000,8,8.5,"12,000",N/A
New-York,New York,160.2,67997,229.7,695500,N/A,18.5+,N/A,"6,688"
New-York,New York,160.2,67997,229.7,749999,3,2,"1,150","5,402"
New-York,New York,160.2,67997,229.7,215000,1,1,625,N/A
New-York,New York,160.2,67997,229.7,900000,3,2.5,"1,440","3,820"
New-York,New York,160.2,67997,229.7,425000,5,2,N/A,"3,742"
New-York,New York,160.2,67997,229.7,1850000,6,3.5,"3,570",N/A
New-York,New York,160.2,67997,229.7,325000,2,1,979,N/A
New-York,New York,160.2,67997,229.7,725000,3,2,"1,584","4,000"
New-York,New York,160.2,67997,229.7,1699900,5,3.5,"3,740","1,742"
New-York,New York,160.2,67997,229.7,14900000,5,4.5,"8,550","2,008"
New-York,New York,160.2,67997,229.7,578888,6,4,"2,504","2,250"
New-York,New York,160.2,67997,229.7,499000,2,1.5,N/A,N/A
New-York,New York,160.2,67997,229.7,499998,3,1,"1,522","8,000"
New-York,New York,160.2,67997,229.7,1129900,3,2,N/A,"4,957"
New-York,New York,160.2,67997,229.7,280000,3,1,N/A,N/A
New-York,New York,160.2,67997,229.7,499999,3,2.5,N/A,N/A
New-York,New York,160.2,67997,229.7,849000,5,3,"2,324","3,000"
New-York,New York,160.2,67997,229.7,1600000,N/A,6,N/A,"4,000"
New-York,New York,160.2,67997,229.7,105000,Studio,1,200,N/A
New-York,New York,160.2,67997,229.7,24800000,6,8,N/A,"2,043"
New-York,New York,160.2,67997,229.7,899000,4,4,"2,760","4,600"
New-York,New York,160.2,67997,229.7,499999,3,2,N/A,N/A
New-York,New York,160.2,67997,229.7,1299999,6,4,"2,391","4,000"
New-York,New York,160.2,67997,229.7,599000,8,4,N/A,"2,375"
New-York,New York,160.2,67997,229.7,1160000,1,1,706,N/A
New-York,New York,160.2,67997,229.7,1368000,4,3.5+,"3,200","5,000"
New-York,New York,160.2,67997,229.7,499000,1,1,N/A,N/A
New-York,New York,160.2,67997,229.7,6199999,9,8,"7,596",N/A
New-York,New York,160.2,67997,229.7,998000,3,1.5+,"1,632","2,000"
New-York,New York,160.2,67997,229.7,629900,6,3,"2,536",N/A
New-York,New York,160.2,67997,229.7,299000,3,1,"2,516","4,800"
New-York,New York,160.2,67997,229.7,750000,2,1.5+,"1,688","3,410"
New-York,New York,160.2,67997,229.7,499999,2,1,"1,744","5,075"
New-York,New York,160.2,67997,229.7,2199999,4,2.5,N/A,0.28
New-York,New York,160.2,67997,229.7,1250000,3,2,"1,406","1,594"
New-York,New York,160.2,67997,229.7,675000,4,2.5,"1,782","3,058"
New-York,New York,160.2,67997,229.7,1990000,7,3.5,"3,650","4,356"
New-York,New York,160.2,67997,229.7,265000,Studio,1,N/A,N/A
New-York,New York,160.2,67997,229.7,1099000,4,2,N/A,"1,800"
New-York,New York,160.2,67997,229.7,169999,1,1,800,N/A
New-York,New York,160.2,67997,229.7,295000,1,1,N/A,0.3
New-York,New York,160.2,67997,229.7,8750000,5,5,"4,576","2,485"
New-York,New York,160.2,67997,229.7,265000,2,1,815,N/A
New-York,New York,160.2,67997,229.7,350000,1,1,N/A,N/A
New-York,New York,160.2,67997,229.7,175000,1,1,900,N/A
New-York,New York,160.2,67997,229.7,850000,3,1.5,"1,637","2,000"
New-York,New York,160.2,67997,229.7,569500,2,1,"1,200",N/A
New-York,New York,160.2,67997,229.7,559000,2,2,"1,873","1,400"
New-York,New York,160.2,67997,229.7,950000,5,4,"2,452",0.37
New-York,New York,160.2,67997,229.7,950000,5,2,"2,344",N/A
New-York,New York,160.2,67997,229.7,830888,3,2,"2,100","4,599"
New-York,New York,160.2,67997,229.7,239000,1,1,N/A,N/A
New-York,New York,160.2,67997,229.7,225000,Studio,1,450,N/A
New-York,New York,160.2,67997,229.7,224999,3,1,N/A,N/A
New-York,New York,160.2,67997,229.7,999000,4,3,N/A,"1,753"
New-York,New York,160.2,67997,229.7,825000,2,1.5,"1,200",N/A
New-York,New York,160.2,67997,229.7,3150000,5,4.5,"2,581","4,035"
New-York,New York,160.2,67997,229.7,2300000,6,4,N/A,N/A
New-York,New York,160.2,67997,229.7,949000,6,2,"2,936","3,000"
New-York,New York,160.2,67997,229.7,269000,2,1,N/A,N/A
New-York,New York,160.2,67997,229.7,565000,1,1,700,N/A
New-York,New York,160.2,67997,229.7,1795000,2,2,N/A,N/A
New-York,New York,160.2,67997,229.7,327888,1,1,800,0.35
New-York,New York,160.2,67997,229.7,625000,3,2,"1,375","2,500"
New-York,New York,160.2,67997,229.7,625000,1,1,783,N/A
New-York,New York,160.2,67997,229.7,2125000,15,5,"8,125",N/A
New-York,New York,160.2,67997,229.7,1190000,16,8,N/A,"2,672"
New-York,New York,160.2,67997,229.7,2695000,6,5,"4,720",N/A
New-York,New York,160.2,67997,229.7,142500,1,1,N/A,N/A
New-York,New York,160.2,67997,229.7,1199000,4,2.5,"2,500","4,000"
New-York,New York,160.2,67997,229.7,299888,2,2,"1,138","1,260"
New-York,New York,160.2,67997,229.7,399000,1,1,592,592
New-York,New York,160.2,67997,229.7,149000,Studio,1,400,"5,640"
New-York,New York,160.2,67997,229.7,650000,3,1,"1,248","5,300"
New-York,New York,160.2,67997,229.7,399888,2,1,791,791
New-York,New York,160.2,67997,229.7,599000,1,1,N/A,0.4
New-York,New York,160.2,67997,229.7,699000,3,2,"1,260","4,792"
New-York,New York,160.2,67997,229.7,5496000,3,4,"4,232",N/A
New-York,New York,160.2,67997,229.7,14750000,7,6.5,N/A,N/A
New-York,New York,160.2,67997,229.7,700000,N/A,N/A,N/A,"2,522"
New-York,New York,160.2,67997,229.7,4100000,2,2,"1,602","8,330"
New-York,New York,160.2,67997,229.7,465000,1,1,653,N/A
New-York,New York,160.2,67997,229.7,915000,4,2,"1,898","4,100"
New-York,New York,160.2,67997,229.7,690000,3,3,"1,472","1,690"
New-York,New York,160.2,67997,229.7,885000,1,1,715,N/A
New-York,New York,160.2,67997,229.7,39995000,4,7.5+,"10,582",N/A
New-York,New York,160.2,67997,229.7,799999,2,1,N/A,"4,267"
New-York,New York,160.2,67997,229.7,400000,3,N/A,N/A,N/A
New-York,New York,160.2,67997,229.7,398000,2,1,950,N/A
New-York,New York,160.2,67997,229.7,350000,N/A,N/A,N/A,"1,742"
New-York,New York,160.2,67997,229.7,450000,N/A,N/A,N/A,0.42
New-York,New York,160.2,67997,229.7,2999999,N/A,N/A,N/A,"3,750"
New-York,New York,160.2,67997,229.7,3995000,4,3.5,N/A,"3,000"
New-York,New York,160.2,67997,229.7,299000,5,2,N/A,"1,666"
New-York,New York,160.2,67997,229.7,550000,N/A,N/A,N/A,"2,500"
New-York,New York,160.2,67997,229.7,707000,4,1.5,"1,320","6,300"
New-York,New York,160.2,67997,229.7,1300000,6,3.5,"2,112","3,294"
New-York,New York,160.2,67997,229.7,1349900,3,4.5,"2,800","5,000"
New-York,New York,160.2,67997,229.7,229999,2,1,860,860
New-York,New York,160.2,67997,229.7,985000,N/A,2.5,"1,760","4,000"
New-York,New York,160.2,67997,229.7,949000,4,4,"2,288","4,200"
New-York,New York,160.2,67997,229.7,545000,1,1,N/A,"7,350"
New-York,New York,160.2,67997,229.7,649000,3,2,"1,222","5,000"
New-York,New York,160.2,67997,229.7,799000,3,2,"1,400","5,475"
New-York,New York,160.2,67997,229.7,1980000,6,3.5,"1,120","3,120"
New-York,New York,160.2,67997,229.7,1295000,4,2,"1,995",N/A
New-York,New York,160.2,67997,229.7,499988,2,2,"1,206",N/A
New-York,New York,160.2,67997,229.7,285000,1,1,N/A,N/A
New-York,New York,160.2,67997,229.7,159000,1,1,875,N/A
New-York,New York,160.2,67997,229.7,1150000,4,3.5,"3,110","5,700"
New-York,New York,160.2,67997,229.7,789999,4,2.5,"2,074","2,784"
New-York,New York,160.2,67997,229.7,10500000,3,3,"2,753",N/A
New-York,New York,160.2,67997,229.7,2650000,4,3.5,"2,601",N/A
New-York,New York,160.2,67997,229.7,350000,2,1,N/A,N/A
New-York,New York,160.2,67997,229.7,599000,2,2,868,N/A
New-York,New York,160.2,67997,229.7,25000000,5,7.5,"5,943",N/A
New-York,New York,160.2,67997,229.7,779000,2,1,N/A,"7,575"
New-York,New York,160.2,67997,229.7,569000,2,2,"1,100",N/A
New-York,New York,160.2,67997,229.7,775000,Studio,1,N/A,N/A
New-York,New York,160.2,67997,229.7,250000,2,2,"1,250",N/A
New-York,New York,160.2,67997,229.7,9280000,5,5.5,"4,198",0.28
New-York,New York,160.2,67997,229.7,529000,Studio,1,625,1.52
New-York,New York,160.2,67997,229.7,2900000,3,3.5,"2,261",N/A
New-York,New York,160.2,67997,229.7,550000,3,1.5,"1,152",N/A
New-York,New York,160.2,67997,229.7,980000,N/A,4,"2,700","4,600"
New-York,New York,160.2,67997,229.7,7250000,5,4,N/A,"2,190"
New-York,New York,160.2,67997,229.7,695000,3,2,"1,480",N/A
New-York,New York,160.2,67997,229.7,950000,6,2,"2,100","2,648"
New-York,New York,160.2,67997,229.7,1130000,3,3.5,"3,750",0.3
New-York,New York,160.2,67997,229.7,799999,4,2.5,"2,375","5,874"
New-York,New York,160.2,67997,229.7,799000,3,1,"1,764","1,740"
New-York,New York,160.2,67997,229.7,5900000,7,7.5,"10,100",0.55
New-York,New York,160.2,67997,229.7,859000,3,2,"1,900","5,759"
New-York,New York,160.2,67997,229.7,438000,2,1,800,N/A
New-York,New York,160.2,67997,229.7,215000,1,1,N/A,0.37
New-York,New York,160.2,67997,229.7,1369000,3,2.5,"1,920","2,000"
New-York,New York,160.2,67997,229.7,2795000,7,3.5,"4,240","2,020"
New-York,New York,160.2,67997,229.7,164999,2,1,N/A,"3,074"
New-York,New York,160.2,67997,229.7,279000,2,2,"1,050",N/A
New-York,New York,160.2,67997,229.7,1680000,6,5,N/A,"4,000"
New-York,New York,160.2,67997,229.7,2399000,6,3,N/A,"1,880"
New-York,New York,160.2,67997,229.7,3200000,4,4,"2,950","5,357"
New-York,New York,160.2,67997,229.7,720000,Studio,1,650,N/A
New-York,New York,160.2,67997,229.7,600000,6,2,"2,620",N/A
New-York,New York,160.2,67997,229.7,599999,3,1.5,"1,716","1,122"
New-York,New York,160.2,67997,229.7,42000000,17,16,"12,349","2,229"
New-York,New York,160.2,67997,229.7,1075000,2,2,955,N/A
New-York,New York,160.2,67997,229.7,60000000,10,10.5,"15,875",N/A
New-York,New York,160.2,67997,229.7,99000,1,1,N/A,N/A
New-York,New York,160.2,67997,229.7,425000,2,1,"1,536","2,100"
New-York,New York,160.2,67997,229.7,899000,4,3,"5,000","5,000"
New-York,New York,160.2,67997,229.7,799000,4,2,"3,392","2,317"
New-York,New York,160.2,67997,229.7,539999,3,1.5,"1,250","2,596"
New-York,New York,160.2,67997,229.7,479000,3,3,N/A,N/A
New-York,New York,160.2,67997,229.7,649000,3,2.5,N/A,"3,200"
New-York,New York,160.2,67997,229.7,399000,2,1,N/A,N/A
New-York,New York,160.2,67997,229.7,499900,3,2,N/A,"2,275"
New-York,New York,160.2,67997,229.7,649000,2,2.5,"1,600",N/A
New-York,New York,160.2,67997,229.7,849000,2,2,N/A,"1,380"
New-York,New York,160.2,67997,229.7,1199000,N/A,2,"2,210","1,600"
New-York,New York,160.2,67997,229.7,60000000,8,7.5,N/A,N/A
New-York,New York,160.2,67997,229.7,799000,3,1.5,"1,296","2,000"
New-York,New York,160.2,67997,229.7,400000,2,2,"1,150",N/A
New-York,New York,160.2,67997,229.7,1485000,3,1.5,"1,800",N/A
New-York,New York,160.2,67997,229.7,164999,Studio,1,400,400
New-York,New York,160.2,67997,229.7,600000,3,1,"1,196","4,000"
New-York,New York,160.2,67997,229.7,139999,1,1,750,N/A
New-York,New York,160.2,67997,229.7,1450000,3,1,"1,500",N/A
New-York,New York,160.2,67997,229.7,333400,2,1,816,"2,825"
New-York,New York,160.2,67997,229.7,829999,3,3.5,"1,380","2,475"
New-York,New York,160.2,67997,229.7,269000,1,1,700,N/A
New-York,New York,160.2,67997,229.7,384900,2,2,"1,100",0.91
New-York,New York,160.2,67997,229.7,269000,1,1,740,740
New-York,New York,160.2,67997,229.7,2500000,3,3.5,"2,760","2,227"
New-York,New York,160.2,67997,229.7,1370000,4,3,"3,303",0.29
New-York,New York,160.2,67997,229.7,402800,2,2,"1,186",N/A
New-York,New York,160.2,67997,229.7,438000,3,1.5,"1,142","1,142"
New-York,New York,160.2,67997,229.7,2088000,5,6,"9,375",0.49
New-York,New York,160.2,67997,229.7,177000,2,1,"1,250",N/A
New-York,New York,160.2,67997,229.7,1049000,3,2.5,"1,760",0.26
New-York,New York,160.2,67997,229.7,925000,6,2,"2,166","2,405"
New-York,New York,160.2,67997,229.7,475000,2,2.5,"1,008","3,100"
New-York,New York,160.2,67997,229.7,1350000,5,3,N/A,"2,248"
New-York,New York,160.2,67997,229.7,1295000,2,2,"1,256",N/A
New-York,New York,160.2,67997,229.7,198000,1,1,N/A,"5,000"
New-York,New York,160.2,67997,229.7,1199000,6,5,N/A,"3,000"
New-York,New York,160.2,67997,229.7,15000000,6,5.5+,"6,204",N/A
New-York,New York,160.2,67997,229.7,350000,3,1,"1,000",N/A
New-York,New York,160.2,67997,229.7,650000,3,1,"1,118","4,080"
New-York,New York,160.2,67997,229.7,875000,2,2,853,N/A
New-York,New York,160.2,67997,229.7,2495000,3,3,"1,756",N/A
New-York,New York,160.2,67997,229.7,749000,3,2,"1,400",N/A
New-York,New York,160.2,67997,229.7,1075000,3,2.5,"2,700",0.46
New-York,New York,160.2,67997,229.7,468000,2,2,759,N/A
New-York,New York,160.2,67997,229.7,345000,2,1,N/A,N/A
New-York,New York,160.2,67997,229.7,885000,2,1,664,N/A
New-York,New York,160.2,67997,229.7,750000,6,3.5,N/A,"2,500"
Seattle,Washington,118.5,110781,440.8,599950,1,1,930,"1,860"
Seattle,Washington,118.5,110781,440.8,959950,4,2.5,"2,758",N/A
Seattle,Washington,118.5,110781,440.8,675000,4,2,"1,700","6,840"
Seattle,Washington,118.5,110781,440.8,638800,3,2,"1,570","3,582"
Seattle,Washington,118.5,110781,440.8,1568000,4,2,"2,380","6,122"
Seattle,Washington,118.5,110781,440.8,750000,4,2.5+,"2,460","4,600"
Seattle,Washington,118.5,110781,440.8,1220000,3,2,"1,720","5,000"
Seattle,Washington,118.5,110781,440.8,1800000,5,4.5,"4,890","5,220"
Seattle,Washington,118.5,110781,440.8,849999,5,2,"1,880","5,096"
Seattle,Washington,118.5,110781,440.8,499990,3,1,"1,320",0.48
Seattle,Washington,118.5,110781,440.8,629950,3,1,770,"5,132"
Seattle,Washington,118.5,110781,440.8,1495000,5,3,"2,510","5,400"
Seattle,Washington,118.5,110781,440.8,1400000,3,2,"2,188","7,200"
Seattle,Washington,118.5,110781,440.8,1300000,4,3,"2,110","3,741"
Seattle,Washington,118.5,110781,440.8,10500000,3,4.5+,"5,356",N/A
Seattle,Washington,118.5,110781,440.8,850000,3,2,"1,662","1,542"
Seattle,Washington,118.5,110781,440.8,1200000,N/A,N/A,N/A,0.32
Seattle,Washington,118.5,110781,440.8,599000,N/A,N/A,N/A,"5,179"
Seattle,Washington,118.5,110781,440.8,599000,N/A,N/A,N/A,"6,242"
Seattle,Washington,118.5,110781,440.8,1249000,N/A,N/A,N/A,"5,005"
Seattle,Washington,118.5,110781,440.8,599000,N/A,N/A,N/A,"5,012"
Seattle,Washington,118.5,110781,440.8,80000,N/A,N/A,N/A,"9,677"
Seattle,Washington,118.5,110781,440.8,599000,N/A,N/A,N/A,"5,940"
Seattle,Washington,118.5,110781,440.8,599000,N/A,N/A,N/A,"5,115"
Seattle,Washington,118.5,110781,440.8,835000,3,1,"1,600","6,000"
Seattle,Washington,118.5,110781,440.8,1795000,4,3.5,"3,600",0.28
Seattle,Washington,118.5,110781,440.8,450000,2,1,752,N/A
Seattle,Washington,118.5,110781,440.8,8500000,4,4.5+,"6,900",1.68
Seattle,Washington,118.5,110781,440.8,4850000,4,4,"5,020",0.27
Seattle,Washington,118.5,110781,440.8,995000,5,2,"2,740","6,984"
Seattle,Washington,118.5,110781,440.8,10250000,2,2.5,"4,339",N/A
Seattle,Washington,118.5,110781,440.8,1750000,3,3.5,"2,428",0.27
Seattle,Washington,118.5,110781,440.8,249999,2,2,"1,019",N/A
Seattle,Washington,118.5,110781,440.8,410000,2,2,880,N/A
Seattle,Washington,118.5,110781,440.8,425000,1,1,"1,271",N/A
Seattle,Washington,118.5,110781,440.8,1695000,3,2,"2,510","2,145"
Seattle,Washington,118.5,110781,440.8,318995,Studio,1,455,N/A
Seattle,Washington,118.5,110781,440.8,375000,4,3,"2,350","9,440"
Seattle,Washington,118.5,110781,440.8,2250000,3,2,"2,300","4,000"
Seattle,Washington,118.5,110781,440.8,2300000,5,4.5,"6,092",0.89
Seattle,Washington,118.5,110781,440.8,1250000,3,2,"8,352","5,040"
Seattle,Washington,118.5,110781,440.8,565000,2,1,"1,332",N/A
Seattle,Washington,118.5,110781,440.8,2850000,2,3,"3,255",N/A
Seattle,Washington,118.5,110781,440.8,5195000,4,5.5,"5,480","9,879"
Seattle,Washington,118.5,110781,440.8,385000,2,1,900,N/A
Seattle,Washington,118.5,110781,440.8,1025000,2,1,"2,061","5,000"
Seattle,Washington,118.5,110781,440.8,2200000,5,3.5,"4,373","6,000"
Seattle,Washington,118.5,110781,440.8,1175000,3,2,"2,220","5,000"
Seattle,Washington,118.5,110781,440.8,639900,2,1.5,"1,120","1,275"
Seattle,Washington,118.5,110781,440.8,1200000,4,3,"2,760","5,080"
Seattle,Washington,118.5,110781,440.8,479950,3,1,980,"6,533"
Seattle,Washington,118.5,110781,440.8,588000,1,1,800,N/A
Seattle,Washington,118.5,110781,440.8,1220000,4,2,"2,220","7,500"
Seattle,Washington,118.5,110781,440.8,2695000,5,3.5,"3,294","4,316"
Seattle,Washington,118.5,110781,440.8,969000,3,1.5,"2,060","6,742"
Seattle,Washington,118.5,110781,440.8,1770000,5,3,"2,845","3,800"
Seattle,Washington,118.5,110781,440.8,1695000,4,3,"3,180","7,094"
Seattle,Washington,118.5,110781,440.8,2098000,4,3.5,"3,960","5,120"
Seattle,Washington,118.5,110781,440.8,469900,2,2,962,"4,500"
Seattle,Washington,118.5,110781,440.8,334999,1,1,485,N/A
Seattle,Washington,118.5,110781,440.8,1400000,3,2,"2,130","5,179"
Seattle,Washington,118.5,110781,440.8,299000,1,1,568,N/A
Seattle,Washington,118.5,110781,440.8,1299995,3,3,"2,338",N/A
Seattle,Washington,118.5,110781,440.8,639950,2,1,920,"1,620"
Seattle,Washington,118.5,110781,440.8,1750000,4,2.5,"2,248","5,797"
Seattle,Washington,118.5,110781,440.8,650000,2,2,"1,265",N/A
Seattle,Washington,118.5,110781,440.8,674000,2,2.5,"1,477",N/A
Seattle,Washington,118.5,110781,440.8,739000,2,2,"1,336",566
Seattle,Washington,118.5,110781,440.8,700000,5,1.5,"2,290","3,745"
Seattle,Washington,118.5,110781,440.8,1125000,4,3,"3,100","7,200"
Seattle,Washington,118.5,110781,440.8,850000,5,2.5,"2,520","5,500"
Seattle,Washington,118.5,110781,440.8,3200000,3,3,"1,991",N/A
Seattle,Washington,118.5,110781,440.8,499000,1,1,561,N/A
Seattle,Washington,118.5,110781,440.8,549000,1,1,490,"5,290"
Seattle,Washington,118.5,110781,440.8,750000,4,2,"1,200","3,500"
Seattle,Washington,118.5,110781,440.8,375000,2,2.5,"1,370",N/A
Seattle,Washington,118.5,110781,440.8,670000,2,2,950,0.23
Seattle,Washington,118.5,110781,440.8,625000,2,1,829,"7,470"
Seattle,Washington,118.5,110781,440.8,1149000,2,2,"1,607",N/A
Seattle,Washington,118.5,110781,440.8,5975000,3,4,"4,220",0.58
Seattle,Washington,118.5,110781,440.8,719000,2,1,871,"5,864"
Seattle,Washington,118.5,110781,440.8,1295000,4,2,"2,420","4,200"
Seattle,Washington,118.5,110781,440.8,5800000,6,5.5,"6,228","7,200"
Seattle,Washington,118.5,110781,440.8,798000,2,2,"1,079","2,243"
Seattle,Washington,118.5,110781,440.8,850000,3,2,"1,710",0.24
Seattle,Washington,118.5,110781,440.8,789950,3,1.5,896,"1,459"
Seattle,Washington,118.5,110781,440.8,899950,3,2.5,"1,550","1,780"
Seattle,Washington,118.5,110781,440.8,1285000,3,2,"1,900","4,944"
Seattle,Washington,118.5,110781,440.8,1064000,6,4,"3,190","4,431"
Seattle,Washington,118.5,110781,440.8,815000,2,2,905,N/A
Seattle,Washington,118.5,110781,440.8,1370000,3,2.5,"2,070","3,131"
Seattle,Washington,118.5,110781,440.8,385000,1,1,682,N/A
Seattle,Washington,118.5,110781,440.8,615000,2,1,820,"5,250"
Seattle,Washington,118.5,110781,440.8,3375000,3,3.5+,"3,300",N/A
Seattle,Washington,118.5,110781,440.8,1250000,2,2,"1,680",N/A
Seattle,Washington,118.5,110781,440.8,435000,1,1,798,N/A
Seattle,Washington,118.5,110781,440.8,509000,1,1,610,N/A
Seattle,Washington,118.5,110781,440.8,935000,3,3.5,"1,810","1,855"
Seattle,Washington,118.5,110781,440.8,1850000,3,2.5,"2,165",N/A
Seattle,Washington,118.5,110781,440.8,999000,4,2,"1,440","2,859"
Seattle,Washington,118.5,110781,440.8,2300000,2,2.5,"2,218",N/A
Seattle,Washington,118.5,110781,440.8,550000,1,1,774,N/A
Seattle,Washington,118.5,110781,440.8,649000,2,2,"1,096",N/A
Seattle,Washington,118.5,110781,440.8,349950,1,1,630,N/A
Seattle,Washington,118.5,110781,440.8,1050000,4,2.5,"2,020","1,054"
Seattle,Washington,118.5,110781,440.8,425000,1,1,717,N/A
Seattle,Washington,118.5,110781,440.8,1400000,3,3,"2,640","5,000"
Seattle,Washington,118.5,110781,440.8,299000,Studio,1,445,N/A
Seattle,Washington,118.5,110781,440.8,2375000,2,2.5,"1,769",N/A
Seattle,Washington,118.5,110781,440.8,575000,1,1,868,N/A
Seattle,Washington,118.5,110781,440.8,829000,2,2,"1,009",N/A
Seattle,Washington,118.5,110781,440.8,2499950,4,3.5,"2,940","5,800"
Seattle,Washington,118.5,110781,440.8,715000,2,2.5,"1,280","1,293"
Seattle,Washington,118.5,110781,440.8,334900,1,1,630,0.35
Seattle,Washington,118.5,110781,440.8,405000,1,1,353,560
Seattle,Washington,118.5,110781,440.8,860000,3,2,"1,680","5,280"
Seattle,Washington,118.5,110781,440.8,839950,2,2.5,"1,072",1
Seattle,Washington,118.5,110781,440.8,949000,3,2.5,"1,514","1,280"
Seattle,Washington,118.5,110781,440.8,765000,2,2,"1,220",669
Seattle,Washington,118.5,110781,440.8,485000,1,1,719,N/A
Seattle,Washington,118.5,110781,440.8,749950,2,2,"1,471",898
Seattle,Washington,118.5,110781,440.8,546249,1,1,795,N/A
Seattle,Washington,118.5,110781,440.8,1450000,3,2.5,"2,004","1,367"
Seattle,Washington,118.5,110781,440.8,1100000,2,1,"1,055","4,249"
Seattle,Washington,118.5,110781,440.8,639000,1,1,925,N/A
Seattle,Washington,118.5,110781,440.8,628000,3,2.5,"1,420","1,272"
Seattle,Washington,118.5,110781,440.8,1495000,2,2,"1,316",N/A
Seattle,Washington,118.5,110781,440.8,1149000,3,3,"1,940","5,092"
Seattle,Washington,118.5,110781,440.8,2875000,2,2,"2,260",N/A
Seattle,Washington,118.5,110781,440.8,750000,1,1.5,"1,092",N/A
Seattle,Washington,118.5,110781,440.8,999950,4,4,"2,620","2,979"
Seattle,Washington,118.5,110781,440.8,725000,5,2,"2,620",0.29
Seattle,Washington,118.5,110781,440.8,1345000,5,3,"2,360","4,794"
Seattle,Washington,118.5,110781,440.8,2100000,N/A,N/A,"4,587","5,994"
Seattle,Washington,118.5,110781,440.8,675000,2,2,"1,150",N/A
Seattle,Washington,118.5,110781,440.8,799950,3,2,"1,960",0.37
Seattle,Washington,118.5,110781,440.8,839950,3,2,"1,388",1
Seattle,Washington,118.5,110781,440.8,2499950,4,4.5,"3,420","4,120"
Seattle,Washington,118.5,110781,440.8,999999,3,2.5,"1,710","1,305"
Seattle,Washington,118.5,110781,440.8,825000,3,1,"1,720","3,300"
Seattle,Washington,118.5,110781,440.8,1725000,4,4,"3,042","3,744"
Seattle,Washington,118.5,110781,440.8,2400000,N/A,N/A,"6,450","7,363"
Seattle,Washington,118.5,110781,440.8,1268000,3,1.5+,"1,910","6,200"
Seattle,Washington,118.5,110781,440.8,699950,3,2,"1,530",0.5
Seattle,Washington,118.5,110781,440.8,370000,1,1,644,N/A
Seattle,Washington,118.5,110781,440.8,399000,1,1,539,N/A
Seattle,Washington,118.5,110781,440.8,629000,2,2,"1,144",N/A
Seattle,Washington,118.5,110781,440.8,1695000,5,3,"3,924","3,268"
Seattle,Washington,118.5,110781,440.8,650000,3,2,"1,225",612
Seattle,Washington,118.5,110781,440.8,569950,2,1,712,864
Seattle,Washington,118.5,110781,440.8,1498000,N/A,N/A,"2,600","4,980"
Seattle,Washington,118.5,110781,440.8,284500,Studio,1,240,335
Seattle,Washington,118.5,110781,440.8,3475000,4,4.5,"4,560","6,180"
Seattle,Washington,118.5,110781,440.8,849950,1,1.5,"1,241",N/A
Seattle,Washington,118.5,110781,440.8,699000,2,1.5,"1,400","5,120"
Seattle,Washington,118.5,110781,440.8,775000,3,1.5,"1,652","4,000"
Seattle,Washington,118.5,110781,440.8,1098000,2,2.5,"1,200","2,447"
Seattle,Washington,118.5,110781,440.8,971500,1,1,667,N/A
Seattle,Washington,118.5,110781,440.8,3999888,2,3.5,"3,670","8,192"
Seattle,Washington,118.5,110781,440.8,1100000,2,1,"1,500",0.31
Seattle,Washington,118.5,110781,440.8,2400000,4,2.5,"3,160","4,200"
Seattle,Washington,118.5,110781,440.8,1195000,8,2.5,"1,800","1,085"
Seattle,Washington,118.5,110781,440.8,1575000,5,3.5,"3,304","5,117"
Seattle,Washington,118.5,110781,440.8,600000,2,1,840,N/A
Seattle,Washington,118.5,110781,440.8,2499000,N/A,N/A,"6,160","5,640"
Seattle,Washington,118.5,110781,440.8,1499000,2,2,"1,188",N/A
Seattle,Washington,118.5,110781,440.8,1198000,2,2,"1,390","1,357"
Seattle,Washington,118.5,110781,440.8,2950000,N/A,N/A,"9,120","9,900"
Seattle,Washington,118.5,110781,440.8,1850000,N/A,N/A,"2,940","4,400"
Seattle,Washington,118.5,110781,440.8,1350000,3,2.5,"1,713",913
Seattle,Washington,118.5,110781,440.8,689950,2,2,"1,088",676
Seattle,Washington,118.5,110781,440.8,899999,3,2,"1,800","1,454"
Seattle,Washington,118.5,110781,440.8,799000,4,2,"1,860","7,200"
Seattle,Washington,118.5,110781,440.8,1895000,N/A,N/A,"4,374","5,000"
Seattle,Washington,118.5,110781,440.8,399500,1,1.5,522,N/A
Seattle,Washington,118.5,110781,440.8,1125000,4,2.5,"2,000","5,900"
Seattle,Washington,118.5,110781,440.8,2850000,5,4.5,"3,200",0.33
Seattle,Washington,118.5,110781,440.8,2298000,3,4,"3,158",N/A
Seattle,Washington,118.5,110781,440.8,1069900,5,3,"2,701","5,005"
Seattle,Washington,118.5,110781,440.8,1100000,2,1.5+,"1,550",722
Seattle,Washington,118.5,110781,440.8,844950,3,1.5,958,"1,452"
Seattle,Washington,118.5,110781,440.8,1095000,2,1,700,"3,500"
Seattle,Washington,118.5,110781,440.8,699990,4,2,"1,760","4,896"
Seattle,Washington,118.5,110781,440.8,1140000,5,2.5,"2,550","7,650"
Seattle,Washington,118.5,110781,440.8,725000,1,1,945,0.29
Seattle,Washington,118.5,110781,440.8,680000,2,2,"1,006",N/A
Seattle,Washington,118.5,110781,440.8,879000,3,2.5,"1,768",825
Seattle,Washington,118.5,110781,440.8,1015000,3,2,"1,780","6,790"
Seattle,Washington,118.5,110781,440.8,899000,1,1,915,N/A
Seattle,Washington,118.5,110781,440.8,1100000,6,3,"2,540","3,959"
Seattle,Washington,118.5,110781,440.8,1650000,N/A,N/A,"3,120","4,320"
Seattle,Washington,118.5,110781,440.8,545000,2,1,"1,220","9,102"
Seattle,Washington,118.5,110781,440.8,1450000,3,3.5,"3,190",0.27
Seattle,Washington,118.5,110781,440.8,385000,1,1,467,N/A
Seattle,Washington,118.5,110781,440.8,749500,2,1,"1,640","4,680"
Seattle,Washington,118.5,110781,440.8,440000,1,1,774,N/A
Seattle,Washington,118.5,110781,440.8,375000,1,1,519,N/A
Seattle,Washington,118.5,110781,440.8,649000,2,1,987,N/A
Seattle,Washington,118.5,110781,440.8,685000,2,2,"1,225","5,715"
Seattle,Washington,118.5,110781,440.8,625000,1,1,954,N/A
Seattle,Washington,118.5,110781,440.8,949900,3,3.5,"2,284","1,285"
Seattle,Washington,118.5,110781,440.8,759900,2,2,"1,153",800
Seattle,Washington,118.5,110781,440.8,3450000,N/A,N/A,"6,216","6,600"
Seattle,Washington,118.5,110781,440.8,299950,1,1,564,0.33
Seattle,Washington,118.5,110781,440.8,1448950,4,3.5,"2,538","2,082"
Seattle,Washington,118.5,110781,440.8,750000,2,2.5,"1,700","2,256"
Seattle,Washington,118.5,110781,440.8,1398000,4,3.5,"3,300","4,275"
Seattle,Washington,118.5,110781,440.8,3590000,3,3,"1,770",N/A
Seattle,Washington,118.5,110781,440.8,1599000,4,2.5,"1,974","4,728"
Seattle,Washington,118.5,110781,440.8,295000,N/A,N/A,N/A,4.91
Seattle,Washington,118.5,110781,440.8,1450000,3,1,"2,250",0.23
Seattle,Washington,118.5,110781,440.8,895000,4,2.5,"2,406","7,207"
Seattle,Washington,118.5,110781,440.8,139000,N/A,N/A,N/A,"2,550"
Seattle,Washington,118.5,110781,440.8,1495000,4,2.5,"1,974","4,729"
Seattle,Washington,118.5,110781,440.8,619500,2,2,"1,568",N/A
Seattle,Washington,118.5,110781,440.8,420000,1,1,699,N/A
Seattle,Washington,118.5,110781,440.8,765000,N/A,N/A,N/A,"7,274"
Seattle,Washington,118.5,110781,440.8,1050000,4,2,"3,640","8,552"
Seattle,Washington,118.5,110781,440.8,699950,2,2.5,"1,107","1,640"
Seattle,Washington,118.5,110781,440.8,295000,N/A,N/A,N/A,"2,979"
Seattle,Washington,118.5,110781,440.8,1216000,2,1.5,686,N/A
Seattle,Washington,118.5,110781,440.8,2625000,6,4.5,"3,400","4,400"
Seattle,Washington,118.5,110781,440.8,170000,N/A,N/A,N/A,0.48
Seattle,Washington,118.5,110781,440.8,499000,1,1,703,N/A
Seattle,Washington,118.5,110781,440.8,999900,3,2,"1,581","1,400"
Seattle,Washington,118.5,110781,440.8,1495000,2,2,"1,494","1,494"
Seattle,Washington,118.5,110781,440.8,904999,3,2,"1,440",800
Seattle,Washington,118.5,110781,440.8,725000,2,2,"1,063",477
Seattle,Washington,118.5,110781,440.8,849900,2,2,"1,328",642
Seattle,Washington,118.5,110781,440.8,2695000,6,4,"4,330","6,270"
Seattle,Washington,118.5,110781,440.8,669950,2,2,"1,396",638
Seattle,Washington,118.5,110781,440.8,949950,4,3,"1,721",1
Seattle,Washington,118.5,110781,440.8,1100000,4,2,"2,350","4,350"
Seattle,Washington,118.5,110781,440.8,838000,3,2.5,"2,046",830
Seattle,Washington,118.5,110781,440.8,699900,2,2,"1,152",815
Seattle,Washington,118.5,110781,440.8,569950,2,2,"1,147",1
Seattle,Washington,118.5,110781,440.8,3000000,2,2,"2,237",N/A
Seattle,Washington,118.5,110781,440.8,1249950,3,3,"1,630",800
Seattle,Washington,118.5,110781,440.8,625000,2,2,852,N/A
Seattle,Washington,118.5,110781,440.8,849950,3,2,"1,460","8,460"
Dallas,Texas,96.1,57995,439.5,150000,3,2,"1,237",9.99
Dallas,Texas,96.1,57995,439.5,225000,3,2,"1,202","2,875"
Dallas,Texas,96.1,57995,439.5,375000,3,2,"1,500","5,500"
Dallas,Texas,96.1,57995,439.5,27000000,6,8.5+,"17,102",4.66
Dallas,Texas,96.1,57995,439.5,399000,4,3.5,"2,910",2.12
Dallas,Texas,96.1,57995,439.5,166795,3,2,"1,283","5,998"
Dallas,Texas,96.1,57995,439.5,421990,4,2,"2,035",N/A
Dallas,Texas,96.1,57995,439.5,349900,4,3,"1,880","8,843"
Dallas,Texas,96.1,57995,439.5,5000,2,1,"1,571",0.55
Dallas,Texas,96.1,57995,439.5,539900,5,3.5,"2,849",0.26
Dallas,Texas,96.1,57995,439.5,1195000,3,3.5,"3,301","4,792"
Dallas,Texas,96.1,57995,439.5,319000,2,1,914,2.21
Dallas,Texas,96.1,57995,439.5,355000,3,2,"1,632","8,799"
Dallas,Texas,96.1,57995,439.5,4495000,5,5.5,"6,715",0.59
Dallas,Texas,96.1,57995,439.5,1599000,4,4.5,"3,678","9,365"
Dallas,Texas,96.1,57995,439.5,191999,1,1,770,5.06
Dallas,Texas,96.1,57995,439.5,670500,3,3.5,"2,151",N/A
Dallas,Texas,96.1,57995,439.5,690950,5,3.5,"4,276",N/A
Dallas,Texas,96.1,57995,439.5,399950,3,2,"1,736",N/A
Dallas,Texas,96.1,57995,439.5,515950,4,2.5,"2,826",N/A
Dallas,Texas,96.1,57995,439.5,1015000,4,2,"2,510",0.45
Dallas,Texas,96.1,57995,439.5,28500,3,2,N/A,924
Dallas,Texas,96.1,57995,439.5,479000,4,3.5,"2,553",N/A
Dallas,Texas,96.1,57995,439.5,649000,3,3.5,"2,179",N/A
Dallas,Texas,96.1,57995,439.5,792950,4,3.5,"3,257",N/A
Dallas,Texas,96.1,57995,439.5,862950,5,3.5,"4,315",N/A
Dallas,Texas,96.1,57995,439.5,621950,5,3.5,"4,302",N/A
Dallas,Texas,96.1,57995,439.5,674950,5,3.5,"4,245",N/A
Dallas,Texas,96.1,57995,439.5,848950,5,3.5,"3,644",N/A
Dallas,Texas,96.1,57995,439.5,812950,4,3.5,"3,318",N/A
Dallas,Texas,96.1,57995,439.5,437950,4,3.5,"2,527",N/A
Dallas,Texas,96.1,57995,439.5,787950,5,4.5,"3,050",N/A
Dallas,Texas,96.1,57995,439.5,753950,3,3,"2,297",N/A
Dallas,Texas,96.1,57995,439.5,697950,5,3.5,"3,390",N/A
Dallas,Texas,96.1,57995,439.5,638950,5,3.5,"3,475",N/A
Dallas,Texas,96.1,57995,439.5,579950,4,2.5,"2,937",N/A
Dallas,Texas,96.1,57995,439.5,368000,4,2,"1,911","9,688"
Dallas,Texas,96.1,57995,439.5,510165,3,2.5+,"2,410",N/A
Dallas,Texas,96.1,57995,439.5,474950,4,3.5,"2,655",N/A
Dallas,Texas,96.1,57995,439.5,349900,5,2.5,"2,505",N/A
Dallas,Texas,96.1,57995,439.5,806950,4,3.5,"3,262",N/A
Dallas,Texas,96.1,57995,439.5,279900,3,2,"1,175",N/A
Dallas,Texas,96.1,57995,439.5,499980,4,3,"2,574",0.29
Dallas,Texas,96.1,57995,439.5,274999,4,2,"1,573","7,362"
Dallas,Texas,96.1,57995,439.5,87100,2,2,"1,140","9,453"
Dallas,Texas,96.1,57995,439.5,271999,2,1,"1,004",N/A
Dallas,Texas,96.1,57995,439.5,1595000,3,2.5,"2,420","8,137"
Dallas,Texas,96.1,57995,439.5,317990,4,2,"1,776",N/A
Dallas,Texas,96.1,57995,439.5,1895000,4,3.5,"3,096",0.54
Dallas,Texas,96.1,57995,439.5,664900,3,2.5,"2,385",N/A
Dallas,Texas,96.1,57995,439.5,3650000,4,4.5,"4,126","8,233"
Dallas,Texas,96.1,57995,439.5,442370,3,2.5+,"2,176",N/A
Dallas,Texas,96.1,57995,439.5,511020,4,3,"2,107",N/A
Dallas,Texas,96.1,57995,439.5,16900000,6,8.5+,"14,387",0.38
Dallas,Texas,96.1,57995,439.5,447000,3,3.5,"2,512",N/A
Dallas,Texas,96.1,57995,439.5,355000,4,2.5,"2,143","5,793"
Dallas,Texas,96.1,57995,439.5,525000,3,2,"1,985","4,792"
Dallas,Texas,96.1,57995,439.5,2595000,5,5.5,"5,494",0.48
Dallas,Texas,96.1,57995,439.5,719900,3,2.5,"2,241",N/A
Dallas,Texas,96.1,57995,439.5,418000,5,2.5,"2,508","7,797"
Dallas,Texas,96.1,57995,439.5,520300,3,2.5,"2,179",N/A
Dallas,Texas,96.1,57995,439.5,1111111,6,4.5,"3,721","7,057"
Dallas,Texas,96.1,57995,439.5,795000,4,2.5,"3,604",0.24
Dallas,Texas,96.1,57995,439.5,3650000,5,6.5+,"6,403",0.37
Dallas,Texas,96.1,57995,439.5,664900,3,3.5,"2,337",N/A
Dallas,Texas,96.1,57995,439.5,264900,4,2,"1,402","6,142"
Dallas,Texas,96.1,57995,439.5,900000,4,3,"3,414",0.25
Dallas,Texas,96.1,57995,439.5,850000,3,2,"2,206","7,144"
Dallas,Texas,96.1,57995,439.5,385000,3,2,"2,168","8,973"
Dallas,Texas,96.1,57995,439.5,249900,3,2.5,"1,701",0.25
Dallas,Texas,96.1,57995,439.5,1600000,3,3.5,"3,301","8,625"
Dallas,Texas,96.1,57995,439.5,235000,3,2,"1,098",0.23
Dallas,Texas,96.1,57995,439.5,1800000,5,4.5,"5,688","9,148"
Dallas,Texas,96.1,57995,439.5,664900,3,3.5,"2,356",N/A
Dallas,Texas,96.1,57995,439.5,4995000,5,5.5+,"9,732",0.71
Dallas,Texas,96.1,57995,439.5,617770,3,2,"1,852",5.78
Dallas,Texas,96.1,57995,439.5,610000,5,4,"3,545",0.32
Dallas,Texas,96.1,57995,439.5,249990,3,2,"1,090","6,098"
Dallas,Texas,96.1,57995,439.5,268500,3,2.5,"1,564","2,483"
Dallas,Texas,96.1,57995,439.5,190000,2,2,"1,081","3,746"
Dallas,Texas,96.1,57995,439.5,260000,3,2,"1,200",0.54
Dallas,Texas,96.1,57995,439.5,100000,N/A,N/A,N/A,"7,492"
Dallas,Texas,96.1,57995,439.5,9995000,7,7.5+,"18,288",1.52
Dallas,Texas,96.1,57995,439.5,310000,N/A,N/A,N/A,"4,617"
Dallas,Texas,96.1,57995,439.5,85000,N/A,N/A,N/A,"6,708"
Dallas,Texas,96.1,57995,439.5,45000,N/A,N/A,N/A,0.57
Dallas,Texas,96.1,57995,439.5,4995000,6,7.5,"9,705",0.88
Dallas,Texas,96.1,57995,439.5,112500,N/A,N/A,N/A,0.51
Dallas,Texas,96.1,57995,439.5,479999,3,2.5,"2,150","5,445"
Dallas,Texas,96.1,57995,439.5,699900,3,2.5,"1,973",0.27
Dallas,Texas,96.1,57995,439.5,1590000,5,4.5,"3,083","4,552"
Dallas,Texas,96.1,57995,439.5,299900,3,2,"2,080","5,619"
Dallas,Texas,96.1,57995,439.5,281000,3,2,"1,501","7,579"
Dallas,Texas,96.1,57995,439.5,315000,4,2,"1,540","7,841"
Dallas,Texas,96.1,57995,439.5,650000,5,3,"4,800","9,670"
Dallas,Texas,96.1,57995,439.5,169000,2,2.5,992,2.13
Dallas,Texas,96.1,57995,439.5,1295000,4,4,"3,360",0.82
Dallas,Texas,96.1,57995,439.5,415000,4,2,"2,164",0.34
Dallas,Texas,96.1,57995,439.5,13477000,5,5.5+,"11,915",3.66
Dallas,Texas,96.1,57995,439.5,539900,3,2,"1,578","8,581"
Dallas,Texas,96.1,57995,439.5,449900,3,2,"2,054","6,273"
Dallas,Texas,96.1,57995,439.5,7850000,5,6.5,"8,966",0.79
Dallas,Texas,96.1,57995,439.5,515000,6,4,"2,558","8,451"
Dallas,Texas,96.1,57995,439.5,6495000,5,5.5+,"6,686","9,801"
Dallas,Texas,96.1,57995,439.5,549900,4,2,"2,465","7,710"
Dallas,Texas,96.1,57995,439.5,350000,3,2,"1,397","7,492"
Dallas,Texas,96.1,57995,439.5,694999,2,2,"1,149",1.64
Dallas,Texas,96.1,57995,439.5,1100000,4,3,"2,938","7,492"
Dallas,Texas,96.1,57995,439.5,250000,3,1,"1,077","9,322"
Dallas,Texas,96.1,57995,439.5,299000,2,2,"1,685",7.6
Dallas,Texas,96.1,57995,439.5,255000,3,2,"1,385",0.39
Dallas,Texas,96.1,57995,439.5,1374000,4,3,"3,458",0.29
Dallas,Texas,96.1,57995,439.5,95000,2,2,929,"2,091"
Dallas,Texas,96.1,57995,439.5,275000,4,2,"1,710","5,445"
Dallas,Texas,96.1,57995,439.5,695000,4,2.5,"2,597","7,536"
Dallas,Texas,96.1,57995,439.5,899000,4,3.5,"3,195",0.23
Dallas,Texas,96.1,57995,439.5,397500,4,2.5,"2,268","6,534"
Dallas,Texas,96.1,57995,439.5,399000,2,2,"1,678",1
Dallas,Texas,96.1,57995,439.5,2895000,4,3.5,"5,213","8,538"
Dallas,Texas,96.1,57995,439.5,415000,2,2.5,"1,918",4
Dallas,Texas,96.1,57995,439.5,1195000,4,3.5,"3,210",0.25
Dallas,Texas,96.1,57995,439.5,430000,4,2.5,"2,508",0.23
Dallas,Texas,96.1,57995,439.5,290000,3,3,"1,620","2,265"
Dallas,Texas,96.1,57995,439.5,1595000,4,5.5,"4,944",0.3
Dallas,Texas,96.1,57995,439.5,289900,1,1,787,N/A
Dallas,Texas,96.1,57995,439.5,235000,3,1.5,"1,680","8,843"
Dallas,Texas,96.1,57995,439.5,449998,3,2.5,"2,362","7,884"
Dallas,Texas,96.1,57995,439.5,849000,2,2.5,"1,678",1.64
Dallas,Texas,96.1,57995,439.5,415000,4,2.5,"2,561",0.25
Dallas,Texas,96.1,57995,439.5,309000,3,2,"1,508","7,362"
Dallas,Texas,96.1,57995,439.5,355000,4,3,"1,523","7,536"
Dallas,Texas,96.1,57995,439.5,530000,2,1,"1,180","7,841"
Dallas,Texas,96.1,57995,439.5,182500,3,2,"1,200","6,752"
Dallas,Texas,96.1,57995,439.5,190500,3,1.5,"1,291",N/A
Dallas,Texas,96.1,57995,439.5,499900,2,2.5,"2,317",N/A
Dallas,Texas,96.1,57995,439.5,99000,1,1,733,0.58
Dallas,Texas,96.1,57995,439.5,254000,3,2,"1,263","3,920"
Dallas,Texas,96.1,57995,439.5,899800,2,2.5,"2,387",0.67
Dallas,Texas,96.1,57995,439.5,1195000,4,3.5,"3,597",0.49
Dallas,Texas,96.1,57995,439.5,290000,3,2,"1,574","7,579"
Dallas,Texas,96.1,57995,439.5,1199000,5,4.5,"4,350",0.41
Dallas,Texas,96.1,57995,439.5,459000,4,2.5,"2,490","7,100"
Dallas,Texas,96.1,57995,439.5,399900,2,2,"1,154",3.54
Dallas,Texas,96.1,57995,439.5,350000,2,1,"1,113","7,971"
Dallas,Texas,96.1,57995,439.5,1900000,3,2.5,"2,904",0.24
Dallas,Texas,96.1,57995,439.5,1995000,4,2.5,"3,385",0.36
Dallas,Texas,96.1,57995,439.5,3500000,6,6.5+,"7,809",0.54
Dallas,Texas,96.1,57995,439.5,275000,1,1,991,0.98
Dallas,Texas,96.1,57995,439.5,120000,2,2,970,9.12
Dallas,Texas,96.1,57995,439.5,450000,3,2,"1,636","7,492"
Dallas,Texas,96.1,57995,439.5,285000,3,2,"2,058","8,407"
Dallas,Texas,96.1,57995,439.5,250000,2,2,"1,056","6,273"
Dallas,Texas,96.1,57995,439.5,525000,3,2.5,"2,251",N/A
Dallas,Texas,96.1,57995,439.5,7250000,6,6.5+,"10,262",1.12
Dallas,Texas,96.1,57995,439.5,270000,4,3,"1,884","7,667"
Dallas,Texas,96.1,57995,439.5,2500000,5,4,"4,500",37.52
Dallas,Texas,96.1,57995,439.5,332000,2,2.5,"1,389","9,060"
Dallas,Texas,96.1,57995,439.5,525000,3,2.5,"2,424",0.45
Dallas,Texas,96.1,57995,439.5,459900,3,2,"1,628","5,358"
Dallas,Texas,96.1,57995,439.5,699900,3,3,"1,852","7,362"
Dallas,Texas,96.1,57995,439.5,1599000,3,2,"2,334","8,015"
Dallas,Texas,96.1,57995,439.5,474900,3,2.5,"2,514","8,102"
Dallas,Texas,96.1,57995,439.5,275000,2,2,"1,189",8.6
Dallas,Texas,96.1,57995,439.5,620000,4,2.5,"2,428",0.25
Dallas,Texas,96.1,57995,439.5,459000,4,2.5,"2,175","3,615"
Dallas,Texas,96.1,57995,439.5,2850000,4,5,"4,112",0.28
Dallas,Texas,96.1,57995,439.5,325000,3,2,"1,830",0.25
Dallas,Texas,96.1,57995,439.5,284000,3,2,"1,456","7,797"
Dallas,Texas,96.1,57995,439.5,1250000,3,3.5,"3,384","5,881"
Dallas,Texas,96.1,57995,439.5,1200000,3,2.5,"2,475","1,263"
Dallas,Texas,96.1,57995,439.5,270000,2,2,"1,301",10.4
Dallas,Texas,96.1,57995,439.5,790000,4,3,"2,765","8,276"
Dallas,Texas,96.1,57995,439.5,4175000,5,6.5+,"6,679",0.32
Dallas,Texas,96.1,57995,439.5,825000,4,3.5,"3,232",0.3
Dallas,Texas,96.1,57995,439.5,595000,4,3,"1,859","7,579"
Dallas,Texas,96.1,57995,439.5,4375000,21,21.5+,"12,257",0.23
Dallas,Texas,96.1,57995,439.5,572000,4,2,"1,832",0.28
Dallas,Texas,96.1,57995,439.5,4995000,5,7.5,"5,684",0.86
Dallas,Texas,96.1,57995,439.5,440000,3,2.5,"1,506","1,699"
Dallas,Texas,96.1,57995,439.5,500000,2,2.5,"1,442",915
Dallas,Texas,96.1,57995,439.5,335000,3,2,"1,166","9,365"
Dallas,Texas,96.1,57995,439.5,358000,4,2.5,"2,151","3,833"
Dallas,Texas,96.1,57995,439.5,150000,2,2,"1,200",0.34
Dallas,Texas,96.1,57995,439.5,425000,3,2,"1,766","7,797"
Dallas,Texas,96.1,57995,439.5,619000,3,2.5,"1,472","7,710"
Dallas,Texas,96.1,57995,439.5,250000,2,2,940,0.75
Dallas,Texas,96.1,57995,439.5,250000,3,1.5,"1,213","6,795"
Dallas,Texas,96.1,57995,439.5,585000,4,2.5,"3,322","6,273"
Dallas,Texas,96.1,57995,439.5,330000,3,2,"1,492","7,100"
Dallas,Texas,96.1,57995,439.5,1625000,3,3,"3,779","7,405"
Dallas,Texas,96.1,57995,439.5,1945000,5,5,"4,117",0.59
Dallas,Texas,96.1,57995,439.5,300000,3,2,"2,100","8,015"
Dallas,Texas,96.1,57995,439.5,2999000,5,5,"5,316",1.08
Dallas,Texas,96.1,57995,439.5,369000,3,2.5,"2,016","6,708"
Dallas,Texas,96.1,57995,439.5,585000,4,2.5,"2,134","7,667"
Dallas,Texas,96.1,57995,439.5,299999,4,2,"1,502","6,011"
Dallas,Texas,96.1,57995,439.5,2390000,4,4.5,"4,462","9,496"
Dallas,Texas,96.1,57995,439.5,350000,3,2,"1,636","9,627"
Dallas,Texas,96.1,57995,439.5,410000,2,2,"1,163",3.54
Dallas,Texas,96.1,57995,439.5,680000,3,3,"2,169",0.71
Dallas,Texas,96.1,57995,439.5,429700,4,2.5,"2,169","7,928"
Dallas,Texas,96.1,57995,439.5,799900,3,2,"1,803",0.25
Dallas,Texas,96.1,57995,439.5,494000,3,3,"2,094","3,877"
Dallas,Texas,96.1,57995,439.5,209000,1,1,688,0.93
Dallas,Texas,96.1,57995,439.5,675000,3,2,"1,850","9,235"
Dallas,Texas,96.1,57995,439.5,649500,4,2,"2,100","6,552"
Dallas,Texas,96.1,57995,439.5,129800,2,2,"1,046",19.86
Dallas,Texas,96.1,57995,439.5,899000,2,2.5,"1,919",0.33
Dallas,Texas,96.1,57995,439.5,699000,3,3.5,"2,547","6,708"
Dallas,Texas,96.1,57995,439.5,2595000,4,4.5,"3,319",0.24
Dallas,Texas,96.1,57995,439.5,345000,2,2,"1,344",0.41
Dallas,Texas,96.1,57995,439.5,764000,4,4,"3,256","5,489"
Dallas,Texas,96.1,57995,439.5,400000,3,2,"1,697","8,233"
Dallas,Texas,96.1,57995,439.5,1475000,4,4.5,"3,438","6,882"
Dallas,Texas,96.1,57995,439.5,194750,3,2,"1,556",0.32
Dallas,Texas,96.1,57995,439.5,685000,3,3.5,"3,074","7,797"
Dallas,Texas,96.1,57995,439.5,270000,3,2,"1,288","2,091"
Dallas,Texas,96.1,57995,439.5,72500,1,1,486,8.81
Dallas,Texas,96.1,57995,439.5,189000,2,1,786,"7,275"
Dallas,Texas,96.1,57995,439.5,430000,3,2,"2,105",0.27
Dallas,Texas,96.1,57995,439.5,349900,4,2,"1,701",0.32
Dallas,Texas,96.1,57995,439.5,424000,2,2.5,"1,730",0.23
Dallas,Texas,96.1,57995,439.5,499000,2,2,"1,595","2,439"
Dallas,Texas,96.1,57995,439.5,370000,3,2.5,"2,318","8,843"
Dallas,Texas,96.1,57995,439.5,184900,2,1,768,0.31
Dallas,Texas,96.1,57995,439.5,670000,3,2,"2,008","9,060"
Dallas,Texas,96.1,57995,439.5,389000,4,2.5,"2,334","9,060"
Dallas,Texas,96.1,57995,439.5,570000,4,4,"2,500","5,489"
Dallas,Texas,96.1,57995,439.5,349900,2,2,"1,069","5,663"
Dallas,Texas,96.1,57995,439.5,549999,5,3,"2,725",1
Dallas,Texas,96.1,57995,439.5,323500,3,2.5,"2,280","8,973"
Dallas,Texas,96.1,57995,439.5,515000,2,2.5,"2,060","1,786"
Dallas,Texas,96.1,57995,439.5,25000,N/A,N/A,N/A,"2,875"
Dallas,Texas,96.1,57995,439.5,900000,3,2.5,"3,338",0.48
Dallas,Texas,96.1,57995,439.5,519900,3,3,"2,200","3,049"
Dallas,Texas,96.1,57995,439.5,350000,4,2.5,"2,473","8,843"
Dallas,Texas,96.1,57995,439.5,474000,4,3,"2,111","9,060"
Dallas,Texas,96.1,57995,439.5,5500000,3,3.5,"4,529",0.8
Dallas,Texas,96.1,57995,439.5,499000,5,3,"2,882","9,104"
Dallas,Texas,96.1,57995,439.5,199900,3,1,"1,120","7,492"
